Timestamp,Are you a freshman?,What was your freshman dorm?,Race (Select all that apply),Concentration? (Please select both if joint),What gender do you most closely identify with?,What house did you get placed in through the housing lottery?,How big was your blocking group?,Did you link with another blocking group?,"If so, how large was your linking group?",Are you a Harvard varsity student athlete?,How happy are you with your house placement?,Are you looking to transfer houses?,"Now that you have been placed in a house, what is your ranking of the Harvard houses? [1st]","Now that you have been placed in a house, what is your ranking of the Harvard houses? [2nd]","Now that you have been placed in a house, what is your ranking of the Harvard houses? [3rd]","Now that you have been placed in a house, what is your ranking of the Harvard houses? [4th]","Now that you have been placed in a house, what is your ranking of the Harvard houses? [5th]","Now that you have been placed in a house, what is your ranking of the Harvard houses? [6th]","Now that you have been placed in a house, what is your ranking of the Harvard houses? [7th]","Now that you have been placed in a house, what is your ranking of the Harvard houses? [8th]","Now that you have been placed in a house, what is your ranking of the Harvard houses? [9th]","Now that you have been placed in a house, what is your ranking of the Harvard houses? [10th]","Now that you have been placed in a house, what is your ranking of the Harvard houses? [11th]","Now that you have been placed in a house, what is your ranking of the Harvard houses? [12th]"
3/11/2022 12:24:21,Yes,Wigglesworth,Asian,"Applied Mathematics, Theater, Dance, & Media",Male,Quincy,7,Yes,7,No,8,Definitely No,Lowell,Winthrop,Dunster,Quincy,Adams,Eliot,Leverett,Kirkland,Pforzheimer,Kirkland,Cabot,Currier
3/11/2022 12:24:35,No,Wigglesworth,White,"African and African American Studies, Government",Female,Quincy,2,No,,No,10,Definitely No,Dunster,Winthrop,Quincy,Adams,Lowell,Mather,Leverett,Eliot,Kirkland,Pforzheimer,Currier,Cabot
3/11/2022 12:25:19,Yes,Wigglesworth,Asian,"Applied Mathematics, Economics",Male,Quincy,1,No,,No,8,Definitely No,Quincy,Adams,Lowell,Dunster,Winthrop,Pforzheimer,Currier,Eliot,Cabot,Leverett,Kirkland,Mather
3/11/2022 12:25:58,Yes,Canaday,Black or African-American,Government,Female,Quincy,8,Yes,2,No,10,Definitely No,Quincy,Lowell,Adams,Winthrop,Eliot,Leverett,Kirkland,Dunster,Mather,Pforzheimer,Currier,Cabot
3/11/2022 12:26:32,No,Thayer,White,Government,Female,Quincy,8,No,,No,9,Definitely No,Lowell,Winthrop,Quincy,Leverett,Mather,Dunster,Adams,Eliot,Kirkland,Pforzheimer,Currier,Cabot
3/11/2022 12:26:51,Yes,Thayer,White,"Mathematics, Statistics",Male,Quincy,7,Yes,7,No,10,Definitely No,Quincy,Mather,Lowell,Adams,Winthrop,Dunster,Leverett,Kirkland,Eliot,Cabot,Pforzheimer,Currier
3/11/2022 12:26:54,Yes,Holworthy,"Asian, White",Applied Mathematics,Male,Quincy,8,Yes,7,No,10,Definitely No,Quincy,Adams,Lowell,Winthrop,Dunster,Eliot,Kirkland,Leverett,Mather,Pforzheimer,Currier,Cabot
3/11/2022 12:27:42,Yes,Hollis,White,Government,Female,Quincy,6,Yes,8,No,8,Definitely No,Quincy,Dunster,Winthrop,Lowell,Mather,Leverett,Adams,Eliot,Cabot,Currier,Kirkland,Pforzheimer
3/11/2022 12:27:58,Yes,Straus,White,Government,Female,Quincy,6,No,,Yes,10,Definitely No,Quincy,Cabot,Currier,Pforzheimer,Adams,Winthrop,Mather,Lowell,Kirkland,Eliot,Dunster,Leverett
3/11/2022 12:28:38,Yes,Pennypacker,Asian,Biomedical Engineering,Male,Quincy,7,No,,No,10,Definitely No,Quincy,Winthrop,Lowell,Adams,Dunster,Currier,Eliot,Mather,Leverett,Pforzheimer,Cabot,Kirkland
3/11/2022 12:29:03,Yes,Canaday,Asian,Applied Mathematics,Female,Quincy,6,Yes,8,No,8,Probably No,Winthrop,Dunster,Currier,Pforzheimer,Quincy,Adams,Lowell,Mather,Leverett,Eliot,Kirkland,Cabot
3/11/2022 12:30:27,No,Weld,White,Applied Mathematics,Male,Mather,6,No,,No,9,Definitely No,Mather,Quincy,Winthrop,Lowell,Adams,Currier,Dunster,Eliot,Leverett,Pforzheimer,Cabot,Kirkland
3/11/2022 12:32:06,Yes,Lionel,Asian,Applied Mathematics,Male,Quincy,6,Yes,8,No,8,Probably No,Adams,Lowell,Winthrop,Quincy,Dunster,Leverett,Eliot,Kirkland,Pforzheimer,Mather,Currier,Cabot
3/11/2022 12:32:30,Yes,Off-campus/Other,White,Environmental Science and Public Policy,Male,Quincy,6,No,,No,6,Probably No,Winthrop,Leverett,Dunster,Adams,Eliot,Lowell,Kirkland,Quincy,Cabot,Mather,Currier,Pforzheimer
3/11/2022 12:34:38,No,Thayer,White,Engineering Sciences,Female,Quincy,6,No,,No,10,Definitely No,Quincy,Lowell,Winthrop,Dunster,Eliot,Leverett,Adams,Kirkland,Mather,Currier,Cabot,Pforzheimer
3/11/2022 12:35:15,No,Wigglesworth,White,Molecular and Cellular Biology,Nonbinary,Quincy,6,No,,No,9,Definitely No,Quincy,Winthrop,Adams,Eliot,Kirkland,Lowell,Mather,Currier,Dunster,Leverett,Pforzheimer,Cabot
3/11/2022 12:35:19,No,Lionel,"Asian, White",Human Developmental and Regenerative Biology,Male,Quincy,8,No,,No,9,Probably No,Winthrop,Dunster,Adams,Quincy,Lowell,Mather,Eliot,Leverett,Kirkland,Currier,Cabot,Pforzheimer
3/11/2022 12:36:51,Yes,Holworthy,Black or African-American,"Folklore and Mythology, Neuroscience",Male,Quincy,6,Yes,6,No,10,Definitely No,Quincy,Lowell,Dunster,Currier,Adams,Winthrop,Eliot,Leverett,Cabot,Kirkland,Mather,Pforzheimer
3/11/2022 12:39:13,Yes,Straus,"Asian, White",Mechanical Engineering,Male,Quincy,6,Yes,8,No,8,Maybe,Quincy,Adams,Lowell,Winthrop,Dunster,Eliot,Leverett,Kirkland,Mather,Pforzheimer,Currier,Cabot
3/11/2022 12:40:12,Yes,Hollis,Middle Eastern,Economics,Female,Adams,5,Yes,1,No,8,Probably No,Adams,Lowell,Winthrop,Quincy,Dunster,Eliot,Kirkland,Leverett,Mather,Pforzheimer,Cabot,Currier
3/11/2022 12:40:19,No,Matthews,White,Integrative Biology,Female,Adams,7,No,,No,10,Definitely No,Adams,Lowell,Eliot,Dunster,Winthrop,Pforzheimer,Kirkland,Currier,Quincy,Leverett,Mather,Cabot
3/11/2022 12:40:30,No,Matthews,White,Integrative Biology,Male,Quincy,4,Yes,2,No,10,Definitely No,Quincy,Pforzheimer,Mather,Lowell,Winthrop,Adams,Dunster,Eliot,Currier,Leverett,Cabot,Kirkland
3/11/2022 12:41:13,No,Matthews,White,History and Science,Female,Adams,4,No,,No,7,Probably No,Winthrop,Lowell,Adams,Dunster,Eliot,Quincy,Leverett,Kirkland,Mather,Pforzheimer,Currier,Cabot
3/11/2022 12:42:40,Yes,Off-campus/Other,White,Government,Female,Adams,2,Yes,1,No,9,Definitely No,Adams,Winthrop,Dunster,Eliot,Lowell,Kirkland,Leverett,Quincy,Pforzheimer,Cabot,Mather,Currier
3/11/2022 12:43:26,Yes,Thayer,White,Computer Science,Male,Adams,2,Yes,1,No,10,Definitely No,Adams,Kirkland,Mather,Lowell,Winthrop,Eliot,Dunster,Leverett,Quincy,Pforzheimer,Cabot,Currier
3/11/2022 12:43:51,Yes,Straus,White,"English, History",Female,Adams,1,No,,No,10,Definitely No,Adams,Dunster,Winthrop,Leverett,Lowell,Eliot,Pforzheimer,Quincy,Cabot,Mather,Currier,Kirkland
3/11/2022 12:44:07,No,Straus,Asian,Statistics,Male,Mather,6,Yes,8,No,10,Definitely No,Mather,Quincy,Lowell,Winthrop,Dunster,Leverett,Adams,Eliot,Pforzheimer,Kirkland,Currier,Cabot
3/11/2022 12:44:18,Yes,Canaday,Asian,,Male,Quincy,7,No,,No,10,Definitely No,Quincy,Winthrop,Lowell,Dunster,Adams,Pforzheimer,Leverett,Eliot,Currier,Mather,Kirkland,Cabot
3/11/2022 12:46:03,No,Hollis,White,Economics,Female,Adams,8,Yes,3,Yes,10,Definitely No,Adams,Lowell,Dunster,Winthrop,Mather,Quincy,Leverett,Eliot,Kirkland,Currier,Cabot,Pforzheimer
3/11/2022 12:46:14,No,Off-campus/Other,White,Molecular and Cellular Biology,Female,Adams,6,No,,No,10,Definitely No,Adams,Lowell,Dunster,Winthrop,Quincy,Leverett,Eliot,Kirkland,Mather,Pforzheimer,Cabot,Currier
3/11/2022 12:47:25,No,Mower,Asian,"Chemistry, Economics",Male,Adams,5,No,,No,10,Definitely No,Adams,Lowell,Winthrop,Quincy,Dunster,Kirkland,Leverett,Mather,Eliot,Cabot,Pforzheimer,Currier
3/11/2022 12:47:48,No,Hollis,Asian,Statistics,Nonbinary,Adams,8,Yes,3,No,10,Definitely No,Adams,Mather,Currier,Cabot,Pforzheimer,Quincy,Winthrop,Lowell,Leverett,Dunster,Eliot,Kirkland
3/11/2022 12:49:35,Yes,Off-campus/Other,Asian,Applied Mathematics,Male,Adams,8,Yes,8,No,8,Definitely No,Winthrop,Dunster,Adams,Lowell,Eliot,Quincy,Leverett,Mather,Kirkland,Currier,Pforzheimer,Cabot
3/11/2022 12:49:49,No,Off-campus/Other,White,"Classics, History of Art and Architecture",Female,Quincy,1,No,,No,8,Definitely No,Lowell,Winthrop,Quincy,Adams,Dunster,Leverett,Eliot,Mather,Kirkland,Currier,Cabot,Pforzheimer
3/11/2022 12:50:35,No,Canaday,White,Computer Science,Male,Quincy,8,Yes,6,No,10,Definitely No,Quincy,Lowell,Dunster,Leverett,Winthrop,Adams,Eliot,Kirkland,Mather,Pforzheimer,Cabot,Currier
3/11/2022 12:50:58,Yes,Hollis,Black or African-American,Economics,Male,Adams,1,No,,No,7,Maybe,Mather,Winthrop,Lowell,Pforzheimer,Adams,Cabot,Leverett,Quincy,Kirkland,Currier,Eliot,Dunster
3/11/2022 12:51:15,No,Wigglesworth,Asian,Computer Science,Female,Quincy,4,No,,Yes,10,Definitely No,Quincy,Lowell,Winthrop,Adams,Leverett,Dunster,Eliot,Mather,Kirkland,Pforzheimer,Currier,Cabot
3/11/2022 12:51:44,Yes,Matthews,White,Applied Mathematics,Male,Adams,8,Yes,7,No,8,Probably No,Lowell,Dunster,Adams,Quincy,Winthrop,Eliot,Leverett,Mather,Kirkland,Cabot,Currier,Pforzheimer
3/11/2022 12:52:43,Yes,Canaday,Asian,Statistics,Female,Adams,6,No,,No,9,Definitely No,Winthrop,Adams,Lowell,Dunster,Quincy,Leverett,Eliot,Kirkland,Currier,Mather,Pforzheimer,Cabot
3/11/2022 12:53:56,No,Matthews,,Government,,Adams,7,No,,No,10,Definitely No,Lowell,Adams,Dunster,Winthrop,Quincy,Leverett,Eliot,Mather,Pforzheimer,Kirkland,Cabot,Currier
3/11/2022 12:56:35,Yes,Pennypacker,Asian,"Chemical and Physical Biology, Study of Women, Gender, and Sexuality",Female,Adams,5,Yes,5,No,10,Definitely No,Adams,Winthrop,Mather,Lowell,Eliot,Dunster,Currier,Cabot,Quincy,Kirkland,Leverett,Pforzheimer
3/11/2022 12:57:46,No,Off-campus/Other,Asian,Psychology,Female,Adams,3,No,,No,10,Definitely No,Adams,Winthrop,Dunster,Kirkland,Quincy,Lowell,Eliot,Pforzheimer,Cabot,Currier,Leverett,Mather
3/11/2022 13:05:46,No,Straus,White,Mechanical Engineering,Female,Quincy,7,Yes,8,Yes,10,Definitely No,Quincy,Winthrop,Eliot,Mather,Lowell,Adams,Dunster,Cabot,Pforzheimer,Leverett,Kirkland,Currier
3/11/2022 13:06:57,No,Straus,White,"Computer Science, Government",Male,Adams,8,No,,No,10,Definitely No,Adams,Eliot,Dunster,Lowell,Winthrop,Quincy,Kirkland,Mather,Leverett,Pforzheimer,Currier,Cabot
3/11/2022 13:10:10,Yes,Apley Court,White,Applied Mathematics,Female,Quincy,6,Yes,6,No,8,Probably No,Quincy,Lowell,Adams,Winthrop,Leverett,Eliot,Kirkland,Mather,Dunster,Pforzheimer,Cabot,Currier
3/11/2022 13:10:47,No,Grays,Asian,History,Male,Quincy,5,No,,Yes,10,Definitely No,Lowell,Winthrop,Quincy,Adams,Dunster,Eliot,Leverett,Kirkland,Mather,Cabot,Pforzheimer,Currier
3/11/2022 13:11:32,No,Off-campus/Other,White,Psychology,Male,Quincy,3,No,,No,9,Definitely No,Lowell,Quincy,Adams,Leverett,Winthrop,Dunster,Kirkland,Eliot,Currier,Mather,Pforzheimer,Cabot
3/11/2022 13:15:49,Yes,Thayer,White,"Economics, Government",Male,Adams,6,No,,No,10,Definitely No,Adams,Lowell,Dunster,Leverett,Winthrop,Quincy,Mather,Kirkland,Eliot,Currier,Pforzheimer,Cabot
3/11/2022 13:17:41,No,Weld,"Asian, Black or African-American, White",Applied Mathematics,Female,Adams,8,No,,No,10,Definitely No,Adams,Dunster,Quincy,Winthrop,Mather,Leverett,Currier,Pforzheimer,Lowell,Eliot,Kirkland,Cabot
3/11/2022 13:17:41,No,Weld,"Black or African-American, White",Social Studies,Male,Quincy,8,No,,No,8,Definitely No,Lowell,Quincy,Eliot,Dunster,Adams,Winthrop,Leverett,Mather,Kirkland,Currier,Pforzheimer,Cabot
3/11/2022 13:18:03,Yes,Holworthy,White,Physics,Male,Quincy,8,Yes,7,No,9,Definitely No,Quincy,Lowell,Adams,Winthrop,Dunster,Mather,Leverett,Kirkland,Eliot,Currier,Pforzheimer,Cabot
3/11/2022 13:20:34,Yes,Matthews,White,Government,Male,Adams,8,Yes,6,No,7,Definitely No,Lowell,Quincy,Dunster,Winthrop,Adams,Eliot,Cabot,Currier,Leverett,Kirkland,Mather,Pforzheimer
3/11/2022 13:25:31,No,Pennypacker,White,Neuroscience,Male,Adams,5,No,,No,10,Definitely No,Adams,Lowell,Winthrop,Quincy,Dunster,Mather,Eliot,Leverett,Kirkland,Pforzheimer,Currier,Cabot
3/11/2022 13:26:56,No,Mower,Asian,History and Science,Male,Quincy,3,No,,No,10,Definitely No,Quincy,Lowell,Winthrop,Dunster,Adams,Eliot,Leverett,Mather,Kirkland,Currier,Pforzheimer,Cabot
3/11/2022 13:39:10,No,Thayer,Asian,Molecular and Cellular Biology,Female,Adams,5,Yes,8,Yes,10,Definitely No,Adams,Dunster,Eliot,Kirkland,Winthrop,Mather,Quincy,Leverett,Lowell,Cabot,Pforzheimer,Currier
3/11/2022 13:41:45,Yes,Holworthy,Asian,Economics,Male,Quincy,8,Yes,7,No,9,Definitely No,Lowell,Winthrop,Adams,Quincy,Dunster,Leverett,Mather,Eliot,Kirkland,Currier,Pforzheimer,Cabot
3/11/2022 13:42:34,Yes,Greenough,Black or African-American,Neuroscience,Female,Adams,7,No,,No,9,Definitely No,Adams,Quincy,Winthrop,Mather,Dunster,Eliot,Lowell,Leverett,Kirkland,Pforzheimer,Currier,Cabot
3/11/2022 13:45:11,No,Straus,"Middle Eastern, White",Psychology,Female,Quincy,2,Yes,3,No,7,Definitely No,Quincy,Dunster,Leverett,Adams,Eliot,Mather,Winthrop,Lowell,Kirkland,Pforzheimer,Currier,Cabot
3/11/2022 13:45:25,Yes,Matthews,Asian,History and Science,Female,Quincy,7,No,,No,7,Probably No,Winthrop,Adams,Quincy,Lowell,Dunster,Eliot,Mather,Leverett,Pforzheimer,Kirkland,Currier,Cabot
3/11/2022 13:49:15,No,Thayer,White,Integrative Biology,Female,Adams,6,Yes,8,Yes,10,Definitely No,Adams,Dunster,Lowell,Quincy,Leverett,Winthrop,Eliot,Currier,Cabot,Kirkland,Mather,Pforzheimer
3/11/2022 13:49:51,No,Straus,White,Statistics,Male,Dunster,8,No,,No,10,Definitely No,Dunster,Lowell,Quincy,Winthrop,Eliot,Mather,Leverett,Adams,Kirkland,Pforzheimer,Currier,Cabot
3/11/2022 13:52:23,No,Wigglesworth,Asian,"Computer Science, Philosophy",Male,Adams,8,Yes,1,No,9,Definitely No,Adams,Pforzheimer,Winthrop,Quincy,Lowell,Leverett,Eliot,Mather,Dunster,Cabot,Kirkland,Currier
3/11/2022 13:58:51,Yes,Off-campus/Other,White,"Environmental Science and Public Policy, Integrative Biology",Female,Quincy,6,No,,Yes,10,Definitely No,Adams,Quincy,Mather,Lowell,Currier,Cabot,Winthrop,Dunster,Kirkland,Leverett,Eliot,Pforzheimer
3/11/2022 14:07:57,No,Weld,White,"Astrophysics, Physics",Female,Adams,6,Yes,8,No,10,Definitely No,Adams,Quincy,Leverett,Lowell,Dunster,Winthrop,Currier,Cabot,Pforzheimer,Eliot,Kirkland,Mather
3/11/2022 14:09:28,Yes,Canaday,Asian,Neuroscience,Female,Quincy,4,No,,No,8,Definitely No,Lowell,Winthrop,Quincy,Adams,Dunster,Leverett,Mather,Eliot,Kirkland,Pforzheimer,Currier,Cabot
3/11/2022 14:11:55,Yes,Matthews,Asian,Social Studies,Male,Quincy,8,Yes,8,No,10,Definitely No,Quincy,Adams,Winthrop,Dunster,Eliot,Lowell,Mather,Kirkland,Leverett,Currier,Cabot,Pforzheimer
3/11/2022 14:13:08,Yes,Stoughton,"Asian, White",Neuroscience,Female,Adams,6,No,,No,8,Probably No,Lowell,Winthrop,Adams,Dunster,Eliot,Leverett,Quincy,Kirkland,Mather,Cabot,Pforzheimer,Currier
3/11/2022 14:13:18,Yes,Off-campus/Other,Black or African-American,Neuroscience,Female,Adams,4,No,,No,10,Definitely No,Adams,Lowell,Winthrop,Quincy,Eliot,Dunster,Leverett,Mather,Kirkland,Cabot,Currier,Pforzheimer
3/11/2022 14:14:49,Yes,Off-campus/Other,White,Psychology,Male,Quincy,7,Yes,8,No,10,Definitely No,Quincy,Lowell,Dunster,Adams,Winthrop,Eliot,Kirkland,Leverett,Mather,Currier,Pforzheimer,Cabot
3/11/2022 14:20:27,No,Canaday,White,Government,Female,Quincy,5,No,,No,6,Maybe,Adams,Eliot,Dunster,Lowell,Pforzheimer,Quincy,Winthrop,Leverett,Mather,Cabot,Kirkland,Currier
3/11/2022 14:31:34,No,,White,Applied Mathematics,Female,Currier,2,Yes,1,No,1,Probably Yes,Dunster,Lowell,Winthrop,Leverett,Eliot,Quincy,Adams,Mather,Kirkland,Currier,Pforzheimer,Cabot
3/11/2022 14:33:04,Yes,Stoughton,Asian,Applied Mathematics,Male,Cabot,8,No,,No,7,Probably No,Lowell,Winthrop,Currier,Cabot,Quincy,Leverett,Pforzheimer,Dunster,Adams,Mather,Eliot,Kirkland
3/11/2022 14:39:31,Yes,Grays,Asian,Economics,Male,Quincy,8,Yes,2,No,8,Definitely No,Lowell,Winthrop,Dunster,Quincy,Adams,Eliot,Leverett,Mather,Kirkland,Pforzheimer,Currier,Cabot
3/11/2022 14:40:14,No,Off-campus/Other,White,Computer Science,Male,Quincy,7,No,,No,9,Definitely No,Quincy,Lowell,Dunster,Adams,Mather,Winthrop,Leverett,Eliot,Kirkland,Pforzheimer,Cabot,Currier
3/11/2022 14:40:33,No,Canaday,,,,Quincy,8,Yes,8,No,10,Definitely No,Quincy,Winthrop,Lowell,Dunster,Eliot,Mather,Leverett,Kirkland,Adams,Pforzheimer,Cabot,Currier
3/11/2022 14:48:21,No,Canaday,White,Philosophy,Female,Lowell,5,No,,No,3,Definitely Yes,Adams,Winthrop,Quincy,Eliot,Kirkland,Mather,Lowell,Dunster,Leverett,Cabot,Pforzheimer,Currier
3/11/2022 14:59:16,Yes,Holworthy,White,Government,Male,Quincy,8,Yes,7,No,10,Definitely No,Quincy,Adams,Lowell,Leverett,Eliot,Dunster,Kirkland,Winthrop,Pforzheimer,Mather,Currier,Cabot
3/11/2022 15:04:17,No,Greenough,Prefer not to say,"Classics, History",Male,Quincy,7,Yes,7,No,10,Definitely No,Quincy,Lowell,Adams,Winthrop,Dunster,Leverett,Eliot,Mather,Currier,Pforzheimer,Kirkland,Cabot
3/11/2022 15:05:26,Yes,Canaday,Asian,"Computer Science, Molecular and Cellular Biology",Male,Cabot,6,No,,No,4,Probably No,Adams,Dunster,Lowell,Leverett,Winthrop,Quincy,Eliot,Kirkland,Cabot,Currier,Pforzheimer,Mather
3/11/2022 15:17:20,Yes,Straus,White,"Art, Film, and Visual Studies, Sociology",Nonbinary,Adams,5,Yes,5,No,10,Definitely No,Adams,Dunster,Lowell,Pforzheimer,Winthrop,Leverett,Kirkland,Quincy,Currier,Mather,Eliot,Cabot
3/11/2022 15:22:51,No,Off-campus/Other,White,History and Science,Female,Adams,3,No,,No,10,Definitely No,Adams,Lowell,Dunster,Winthrop,Currier,Pforzheimer,Cabot,Eliot,Kirkland,Quincy,Leverett,Mather
3/11/2022 15:27:37,No,Grays,Asian,Government,Female,Adams,4,No,,No,10,Definitely No,Adams,Lowell,Quincy,Winthrop,Mather,Leverett,Eliot,Dunster,Kirkland,Pforzheimer,Cabot,Currier
3/11/2022 15:38:12,No,Holworthy,White,Mathematics,Male,Kirkland,4,No,,No,10,Definitely No,Kirkland,Dunster,Adams,Lowell,Quincy,Winthrop,Mather,Leverett,Pforzheimer,Currier,Cabot,Eliot
3/11/2022 15:38:45,No,Grays,White,Economics,Male,Adams,8,Yes,8,No,10,Definitely No,Adams,Lowell,Quincy,Winthrop,Eliot,Kirkland,Dunster,Leverett,Cabot,Pforzheimer,Currier,Mather
3/11/2022 15:51:48,Yes,Holworthy,Asian,,Male,Quincy,8,Yes,6,No,10,Definitely No,Quincy,Lowell,Adams,Winthrop,Dunster,Leverett,Mather,Kirkland,Eliot,Cabot,Currier,Pforzheimer
3/11/2022 15:53:26,No,Mower,Asian,Chemical and Physical Biology,Female,Adams,7,Yes,3,No,10,Definitely No,Adams,Dunster,Winthrop,Lowell,Quincy,Eliot,Leverett,Mather,Currier,Kirkland,Pforzheimer,Cabot
3/11/2022 16:08:02,No,Canaday,Prefer not to say,Psychology,Female,Adams,2,No,,No,7,Definitely No,Lowell,Dunster,Winthrop,Mather,Adams,Leverett,Eliot,Quincy,Pforzheimer,Currier,Kirkland,Cabot
3/11/2022 16:10:25,No,Stoughton,Asian,"Economics, Government",Male,Quincy,1,Yes,8,No,9,Definitely No,Quincy,Dunster,Lowell,Winthrop,Leverett,Adams,Mather,Eliot,Kirkland,Currier,Cabot,Pforzheimer
3/11/2022 16:11:29,No,Straus,White,History & Literature,Female,Adams,4,No,,No,8,Definitely No,Adams,Lowell,Eliot,Dunster,Winthrop,Quincy,Leverett,Kirkland,Currier,Pforzheimer,Cabot,Mather
3/11/2022 16:20:53,No,Matthews,Asian,"Molecular and Cellular Biology, Philosophy",Male,Adams,6,Yes,6,No,8,Definitely No,Adams,Mather,Quincy,Dunster,Lowell,Winthrop,Leverett,Currier,Pforzheimer,Cabot,Eliot,Kirkland
3/11/2022 16:31:12,Yes,Pennypacker,Asian,Computer Science,Male,Adams,7,Yes,8,No,9,Definitely No,Lowell,Adams,Winthrop,Mather,Quincy,Eliot,Dunster,Kirkland,Currier,Cabot,Pforzheimer,Leverett
3/11/2022 16:31:37,Yes,Canaday,White,"Computer Science, Economics",Male,Quincy,7,Yes,5,No,8,Maybe,Adams,Lowell,Winthrop,Dunster,Quincy,Eliot,Mather,Kirkland,Pforzheimer,Leverett,Currier,Cabot
3/11/2022 16:52:14,Yes,Canaday,Hispanic/Latinx,"History of Art and Architecture, Human Developmental and Regenerative Biology",Female,Adams,3,No,,No,8,Definitely No,Adams,Lowell,Mather,Quincy,Dunster,Kirkland,Leverett,Eliot,Winthrop,Currier,Cabot,Pforzheimer
3/11/2022 17:21:40,No,Thayer,White,Government,Male,Adams,8,Yes,8,No,10,Definitely No,Lowell,Adams,Winthrop,Dunster,Leverett,Cabot,Mather,Quincy,Pforzheimer,Eliot,Kirkland,Currier
3/11/2022 18:13:52,No,Canaday,Asian,Chemical and Physical Biology,Male,Dunster,7,Yes,7,No,10,Definitely No,Dunster,Winthrop,Lowell,Cabot,Currier,Pforzheimer,Mather,Adams,Kirkland,Eliot,Quincy,Leverett
3/11/2022 18:16:14,No,Wigglesworth,White,Molecular and Cellular Biology,Male,Quincy,5,Yes,6,No,10,Definitely No,Quincy,Lowell,Adams,Winthrop,Leverett,Dunster,Eliot,Mather,Kirkland,Currier,Pforzheimer,Cabot
3/11/2022 18:29:35,No,Stoughton,White,Sociology,Female,Quincy,3,No,,No,10,Definitely No,Quincy,Leverett,Kirkland,Adams,Dunster,Eliot,Winthrop,Lowell,Mather,Currier,Pforzheimer,Cabot
3/11/2022 19:40:09,Yes,Pennypacker,"American Indian and Alaska Native, White",Chemical and Physical Biology,Female,Quincy,6,No,,No,7,Probably No,Quincy,Adams,Eliot,Dunster,Leverett,Winthrop,Lowell,Kirkland,Mather,Pforzheimer,Cabot,Currier
3/11/2022 21:21:42,No,Off-campus/Other,Asian,Applied Mathematics,Female,Adams,6,Yes,6,No,10,Definitely No,Quincy,Adams,Dunster,Eliot,Lowell,Winthrop,Leverett,Mather,Kirkland,Currier,Pforzheimer,Cabot
3/11/2022 21:34:39,Yes,Weld,Black or African-American,"Economics, Statistics",Female,Adams,4,Yes,6,No,9,Probably No,Adams,Eliot,Winthrop,Quincy,Dunster,Kirkland,Lowell,Leverett,Mather,Cabot,Pforzheimer,Currier
3/11/2022 21:36:21,Yes,Weld,"Black or African-American, White",Neuroscience,Male,Adams,4,Yes,6,No,8,Definitely No,Adams,Eliot,Winthrop,Dunster,Lowell,Kirkland,Leverett,Currier,Quincy,Mather,Pforzheimer,Cabot
3/12/2022 0:17:50,Yes,Greenough,Black or African-American,Government,Male,Adams,7,No,,No,9,Definitely No,Adams,Dunster,Lowell,Leverett,Eliot,Quincy,Winthrop,Mather,Kirkland,Cabot,Pforzheimer,Currier
3/12/2022 1:22:23,No,Off-campus/Other,Asian,Social Studies,Female,Mather,7,No,,No,9,Definitely No,Lowell,Dunster,Leverett,Winthrop,Quincy,Mather,Adams,Currier,Pforzheimer,Cabot,Eliot,Kirkland
3/12/2022 7:56:16,No,Canaday,Black or African-American,Applied Mathematics,Female,Adams,8,Yes,4,No,10,Definitely No,Adams,Quincy,Dunster,Winthrop,Mather,Lowell,Kirkland,Currier,Pforzheimer,Cabot,Leverett,Eliot
3/12/2022 10:00:00,Yes,Pennypacker,Black or African-American,English,Female,Adams,6,No,,No,10,Definitely No,Winthrop,Adams,Lowell,Dunster,Eliot,Quincy,Mather,Leverett,Kirkland,Pforzheimer,Currier,Cabot
3/12/2022 10:24:40,No,Holworthy,White,Economics,Male,Adams,8,Yes,3,Yes,10,Definitely No,Adams,Lowell,Winthrop,Eliot,Dunster,Leverett,Quincy,Kirkland,Mather,Pforzheimer,Currier,Cabot
3/12/2022 11:13:26,No,Thayer,Asian,Engineering Sciences,Female,Mather,5,No,,No,10,Definitely No,Mather,Dunster,Kirkland,Eliot,Leverett,Lowell,Pforzheimer,Cabot,Quincy,Winthrop,Currier,Adams
3/12/2022 11:13:53,No,Lionel,"Asian, White",Computer Science,Male,Mather,6,No,,No,10,Definitely No,Mather,Eliot,Adams,Cabot,Currier,Kirkland,Leverett,Pforzheimer,Winthrop,Dunster,Lowell,Quincy
3/12/2022 11:32:48,No,Greenough,Black or African-American,Anthropology,Male,Mather,7,Yes,6,No,10,Definitely No,Mather,Quincy,Eliot,Lowell,Winthrop,Dunster,Leverett,Adams,Pforzheimer,Currier,Kirkland,Cabot
3/12/2022 11:38:33,No,Greenough,White,Government,Female,Mather,7,No,,No,8,Definitely No,Mather,Lowell,Leverett,Dunster,Quincy,Winthrop,Adams,Eliot,Kirkland,Cabot,Currier,Pforzheimer
3/12/2022 11:49:51,Yes,Matthews,White,Government,Female,Mather,7,Yes,7,No,10,Definitely No,Lowell,Mather,Winthrop,Leverett,Dunster,Quincy,Cabot,Kirkland,Eliot,Adams,Currier,Pforzheimer
3/12/2022 12:05:17,No,Matthews,White,Social Studies,Female,Mather,6,Yes,6,No,10,Definitely No,Mather,Pforzheimer,Quincy,Adams,Lowell,Currier,Dunster,Eliot,Kirkland,Winthrop,Cabot,Leverett
3/12/2022 12:12:30,No,Thayer,Black or African-American,Neuroscience,Female,Adams,3,No,,No,10,Definitely No,Adams,Dunster,Lowell,Currier,Eliot,Winthrop,Quincy,Mather,Leverett,Kirkland,Pforzheimer,Cabot
3/12/2022 12:14:03,No,,Asian,Economics,Male,Mather,7,Yes,7,No,10,Definitely No,Mather,Quincy,Dunster,Lowell,Leverett,Winthrop,Eliot,Adams,Kirkland,Cabot,Currier,Pforzheimer
3/12/2022 12:27:25,No,Greenough,White,Environmental Science and Engineering,Female,Mather,8,Yes,,Yes,9,Definitely No,Mather,Dunster,Lowell,Quincy,Adams,Eliot,Winthrop,Leverett,Kirkland,Pforzheimer,Cabot,Currier
3/12/2022 12:33:39,Yes,Grays,,,,Currier,3,No,,No,10,Definitely No,Adams,Dunster,Currier,Eliot,Kirkland,Leverett,Lowell,Mather,Pforzheimer,Quincy,Winthrop,Cabot
3/12/2022 12:33:45,Yes,Mower,Black or African-American,"Applied Mathematics, Economics",Female,Lowell,3,No,,No,8,Definitely No,Winthrop,Lowell,Dunster,Quincy,Leverett,Adams,Eliot,Kirkland,Mather,Pforzheimer,Currier,Cabot
3/12/2022 12:40:08,No,Hurlbut,Asian,"Computer Science, English",Female,Dunster,6,No,,No,10,Definitely No,Dunster,Currier,Mather,Winthrop,Eliot,Kirkland,Cabot,Adams,Leverett,Pforzheimer,Quincy,Lowell
3/12/2022 12:47:10,No,Pennypacker,Middle Eastern,Engineering Sciences,Female,Lowell,8,Yes,8,No,10,Probably No,Lowell,Leverett,Winthrop,Adams,Quincy,Dunster,Mather,Kirkland,Eliot,Cabot,Currier,Pforzheimer
3/12/2022 12:50:12,No,Thayer,White,Government,Male,Lowell,3,No,,No,10,Definitely No,Lowell,Winthrop,Eliot,Adams,Quincy,Leverett,Dunster,Cabot,Currier,Mather,Kirkland,Pforzheimer
3/12/2022 12:51:50,No,Canaday,"American Indian and Alaska Native, White",Social Studies,Female,Lowell,4,No,,No,10,Definitely No,Lowell,Adams,Quincy,Mather,Winthrop,Kirkland,Eliot,Dunster,Currier,Pforzheimer,Cabot,Leverett
3/12/2022 12:59:40,Yes,Off-campus/Other,Asian,History and Science,Female,Adams,6,No,,No,9,Definitely No,Adams,Winthrop,Dunster,Lowell,Leverett,Eliot,Quincy,Kirkland,Mather,Currier,Pforzheimer,Cabot
3/12/2022 13:08:29,Yes,Lionel,Black or African-American,Computer Science,Female,Mather,5,No,,No,7,Maybe,Dunster,Winthrop,Mather,Eliot,Quincy,Leverett,Adams,Lowell,Kirkland,Pforzheimer,Currier,Cabot
3/12/2022 13:12:18,Yes,Wigglesworth,Asian,Mathematics,Female,Eliot,5,Yes,4,No,10,Definitely No,Eliot,Winthrop,Lowell,Dunster,Mather,Quincy,Adams,Kirkland,Leverett,Currier,Pforzheimer,Cabot
3/12/2022 13:21:02,No,Hollis,Asian,"Computer Science, Mathematics",Female,Eliot,8,Yes,8,No,10,Definitely No,Eliot,Lowell,Mather,Cabot,Dunster,Winthrop,Currier,Adams,Quincy,Leverett,Kirkland,Pforzheimer
3/12/2022 13:27:15,No,Thayer,Asian,Neuroscience,Female,Mather,7,No,,No,9,Definitely No,Mather,Dunster,Winthrop,Lowell,Adams,Eliot,Leverett,Quincy,Currier,Cabot,Pforzheimer,Kirkland
3/12/2022 13:28:22,No,Stoughton,Asian,Applied Mathematics,Male,Lowell,6,No,,No,10,Definitely No,Lowell,Winthrop,Leverett,Dunster,Eliot,Kirkland,Mather,Quincy,Adams,Currier,Cabot,Pforzheimer
3/12/2022 13:30:37,Yes,Canaday,Black or African-American,"Applied Mathematics, Economics",Male,Quincy,8,Yes,2,No,9,Definitely No,Winthrop,Lowell,Dunster,Adams,Quincy,Eliot,Mather,Leverett,Kirkland,Currier,Cabot,Pforzheimer
3/12/2022 13:45:52,No,Lionel,White,Computer Science,Male,Lowell,7,Yes,2,No,10,Definitely No,Lowell,Dunster,Kirkland,Leverett,Mather,Eliot,Quincy,Currier,Pforzheimer,Cabot,Winthrop,Adams
3/12/2022 13:46:05,Yes,Thayer,Asian,Computer Science,Male,Mather,6,No,,No,6,Definitely No,Dunster,Winthrop,Lowell,Adams,Quincy,Leverett,Eliot,Kirkland,Mather,Pforzheimer,Currier,Cabot
3/12/2022 13:48:02,No,,,,,Kirkland,8,Yes,7,No,10,Definitely No,Kirkland,Winthrop,Dunster,Lowell,Quincy,Mather,Eliot,Leverett,Adams,Currier,Pforzheimer,Cabot
3/12/2022 13:51:51,No,Wigglesworth,"White, Hispanic/Latino",Computer Science,Female,Lowell,8,Yes,5,No,10,Definitely No,Lowell,Winthrop,Quincy,Dunster,Leverett,Adams,Mather,Eliot,Kirkland,Pforzheimer,Currier,Cabot
3/12/2022 13:56:44,No,Wigglesworth,Asian,Sociology,Male,Mather,6,No,,No,10,Definitely No,Mather,Leverett,Lowell,Quincy,Eliot,Adams,Kirkland,Winthrop,Pforzheimer,Currier,Cabot,Dunster
3/12/2022 14:11:10,No,Thayer,White,Music,Female,Mather,3,No,,No,10,Definitely No,Mather,Leverett,Dunster,Lowell,Quincy,Eliot,Adams,Pforzheimer,Currier,Cabot,Kirkland,Winthrop
3/12/2022 14:12:00,Yes,Pennypacker,Prefer not to say,"Chemistry and Physics, Mathematics",Female,Lowell,7,Yes,8,No,8,Definitely No,Winthrop,Lowell,Dunster,Quincy,Leverett,Mather,Adams,Eliot,Pforzheimer,Kirkland,Cabot,Currier
3/12/2022 14:43:56,No,Weld,Asian,Applied Mathematics,Female,Pforzheimer,5,No,,No,10,Definitely No,Pforzheimer,Lowell,Winthrop,Dunster,Currier,Quincy,Kirkland,Eliot,Adams,Mather,Leverett,Cabot
3/12/2022 14:46:06,No,Hollis,Hispanic,Human Evolutionary Biology,Male,Mather,6,Yes,6,Yes,10,Definitely No,Mather,Dunster,Winthrop,Quincy,Lowell,Leverett,Eliot,Adams,Kirkland,Cabot,Pforzheimer,Currier
3/12/2022 14:47:32,Yes,Weld,,Computer Science,Female,Quincy,6,Yes,7,No,8,Probably No,Quincy,Adams,Winthrop,Lowell,Mather,Dunster,Kirkland,Leverett,Eliot,Currier,Cabot,Pforzheimer
3/12/2022 14:48:38,No,Greenough,,,Female,Lowell,8,Yes,6,Yes,10,Definitely No,Lowell,Winthrop,Leverett,Eliot,Quincy,Adams,Mather,Dunster,Kirkland,Cabot,Pforzheimer,Currier
3/12/2022 14:49:10,No,Matthews,White,Economics,Male,Lowell,8,Yes,7,Yes,10,Definitely No,Lowell,Adams,Winthrop,Quincy,Eliot,Kirkland,Dunster,Leverett,Mather,Currier,Pforzheimer,Cabot
3/12/2022 14:50:50,No,Canaday,Asian,Computer Science,Female,Dunster,5,No,,No,8,Definitely No,Dunster,Lowell,Quincy,Adams,Leverett,Winthrop,Currier,Cabot,Eliot,Mather,Pforzheimer,Kirkland
3/12/2022 15:06:15,No,Canaday,Asian,Computer Science,Female,Cabot,8,No,,No,6,Definitely Yes,Lowell,Quincy,Winthrop,Eliot,Dunster,Kirkland,Adams,Leverett,Mather,Cabot,Pforzheimer,Currier
3/12/2022 15:15:19,No,Hollis,Asian,Computer Science,Male,Lowell,3,Yes,,No,10,Definitely No,Lowell,Winthrop,Dunster,Adams,Quincy,Leverett,Mather,Eliot,Kirkland,Pforzheimer,Currier,Cabot
3/12/2022 15:19:13,No,Thayer,White,Applied Mathematics,Female,Dunster,6,No,,Yes,10,Definitely No,Dunster,Lowell,Winthrop,Quincy,Adams,Mather,Kirkland,Leverett,Eliot,Currier,Pforzheimer,Cabot
3/12/2022 15:34:43,No,Thayer,White,Integrative Biology,,Lowell,6,No,,No,9,Definitely No,Lowell,Quincy,Winthrop,Leverett,Kirkland,Dunster,Adams,Currier,Cabot,Mather,Pforzheimer,Eliot
3/12/2022 15:37:30,No,Canaday,Asian,Economics,Female,Mather,3,No,,No,7,Definitely No,Mather,Lowell,Leverett,Dunster,Quincy,Adams,Eliot,Winthrop,Currier,Pforzheimer,Cabot,Kirkland
3/12/2022 16:15:49,Yes,Hollis,Asian,"Computer Science, Physics",Female,Eliot,5,Yes,3,Yes,8,Probably No,Quincy,Winthrop,Lowell,Adams,Eliot,Leverett,Dunster,Kirkland,Mather,Pforzheimer,Currier,Cabot
3/12/2022 16:19:25,Yes,Straus,Asian,"Applied Mathematics, Economics",Female,Adams,6,No,,No,7,Definitely No,Adams,Lowell,Dunster,Leverett,Winthrop,Quincy,Currier,Pforzheimer,Cabot,Mather,Eliot,Kirkland
3/12/2022 16:22:20,No,Canaday,"Asian, White","Government, Philosophy",Female,Lowell,8,Yes,4,No,10,Definitely No,Lowell,Winthrop,Dunster,Adams,Quincy,Leverett,Mather,Eliot,Kirkland,Pforzheimer,Currier,Cabot
3/12/2022 16:43:58,Yes,Canaday,Black or African-American,Government,Female,Adams,4,No,,No,9,Definitely No,Lowell,Adams,Winthrop,Mather,Leverett,Dunster,Quincy,Eliot,Kirkland,Currier,Pforzheimer,Cabot
3/12/2022 17:15:04,Yes,Canaday,Asian,Physics,Male,Quincy,8,Yes,2,No,10,Definitely No,Quincy,Dunster,Winthrop,Lowell,Adams,Pforzheimer,Cabot,Eliot,Currier,Leverett,Mather,Kirkland
3/12/2022 17:24:30,No,Weld,Asian,"History and Science, Romance Languages and Literatures",Female,Lowell,7,Yes,1,No,9,Definitely No,Lowell,Adams,Winthrop,Quincy,Kirkland,Eliot,Pforzheimer,Currier,Leverett,Dunster,Mather,Cabot
3/12/2022 18:22:59,Yes,Off-campus/Other,Asian,Computer Science,Female,Kirkland,7,No,,No,8,Probably No,Quincy,Winthrop,Dunster,Lowell,Mather,Adams,Kirkland,Eliot,Leverett,Pforzheimer,Currier,Cabot
3/12/2022 18:25:22,No,Matthews,Asian,Computer Science,Female,Mather,7,No,,No,8,Definitely No,Mather,Winthrop,Lowell,Leverett,Dunster,Cabot,Currier,Pforzheimer,Quincy,Adams,Eliot,Kirkland
3/12/2022 18:30:05,No,Weld,Prefer not to say,Human Evolutionary Biology,Female,Lowell,8,No,,No,10,Definitely No,Lowell,Adams,Dunster,Quincy,Winthrop,Leverett,Eliot,Mather,Kirkland,Pforzheimer,Cabot,Currier
3/12/2022 19:02:40,No,Hurlbut,Asian,Computer Science,Female,Eliot,8,Yes,8,No,10,Definitely No,Eliot,Lowell,Winthrop,Adams,Dunster,Leverett,Quincy,Mather,Kirkland,Currier,Cabot,Pforzheimer
3/12/2022 19:23:41,No,Hurlbut,White,Economics,Male,Lowell,8,Yes,8,No,10,Definitely No,Lowell,Winthrop,Quincy,Adams,Leverett,Dunster,Kirkland,Eliot,Mather,Pforzheimer,Currier,Cabot
3/12/2022 19:34:58,No,Apley Court,Black or African-American,Computer Science,Female,Mather,7,Yes,3,No,8,Definitely No,Mather,Winthrop,Lowell,Dunster,Quincy,Leverett,Adams,Eliot,Kirkland,Pforzheimer,Currier,Cabot
3/12/2022 20:13:25,No,Greenough,Asian,"Computer Science, Physics",Male,Winthrop,8,Yes,8,No,10,Definitely No,Winthrop,Lowell,Eliot,Adams,Quincy,Dunster,Leverett,Mather,Kirkland,Currier,Pforzheimer,Cabot
3/12/2022 20:30:44,No,Wigglesworth,Black or African-American,History,Female,Lowell,8,No,,No,10,Definitely No,Lowell,Dunster,Winthrop,Adams,Leverett,Quincy,Mather,Pforzheimer,Currier,Eliot,Cabot,Kirkland
3/12/2022 20:43:21,No,Off-campus/Other,Prefer not to say,Computer Science,Female,Mather,1,No,,No,6,Probably No,Mather,Lowell,Dunster,Winthrop,Adams,Kirkland,Leverett,Quincy,Eliot,Cabot,Currier,Pforzheimer
3/12/2022 20:44:35,Yes,Lionel,"Asian, White",Environmental Science and Engineering,Female,Quincy,6,No,,Yes,7,Definitely No,Dunster,Winthrop,Lowell,Mather,Quincy,Adams,Eliot,Pforzheimer,Currier,Leverett,Cabot,Kirkland
3/12/2022 21:09:42,Yes,Matthews,White,Philosophy,Female,Adams,8,Yes,1,No,10,Definitely No,Adams,Lowell,Quincy,Winthrop,Dunster,Kirkland,Eliot,Leverett,Mather,Pforzheimer,Currier,Cabot
3/12/2022 21:13:00,No,Wigglesworth,"Asian, White",Economics,Female,Mather,8,Yes,8,No,5,Maybe,Pforzheimer,Quincy,Leverett,Lowell,Winthrop,Currier,Mather,Adams,Dunster,Cabot,Eliot,Kirkland
3/12/2022 21:17:13,No,Wigglesworth,White,Chemistry,Male,Mather,5,Yes,4,No,9,Definitely No,Mather,Quincy,Leverett,Lowell,Winthrop,Dunster,Eliot,Kirkland,Adams,Currier,Cabot,Pforzheimer
3/13/2022 1:00:37,No,Off-campus/Other,Black or African-American,Philosophy,Male,Lowell,8,Yes,8,No,10,Definitely No,Lowell,Quincy,Adams,Dunster,Mather,Winthrop,Leverett,Eliot,Kirkland,Cabot,Currier,Pforzheimer
3/13/2022 1:02:31,Yes,Mower,Asian,Applied Mathematics,Female,Eliot,5,Yes,5,No,7,Probably No,Winthrop,Lowell,Dunster,Eliot,Leverett,Mather,Quincy,Adams,Pforzheimer,Kirkland,Currier,Cabot
3/13/2022 1:30:28,No,Off-campus/Other,Asian,Government,Female,Mather,7,No,,No,9,Probably No,Mather,Dunster,Lowell,Currier,Leverett,Eliot,Quincy,Pforzheimer,Cabot,Kirkland,Adams,Winthrop
3/13/2022 1:55:28,No,Mower,Black or African-American,Applied Mathematics,Male,Lowell,8,No,,No,10,Definitely No,Lowell,Winthrop,Adams,Dunster,Quincy,Leverett,Eliot,Kirkland,Mather,Currier,Pforzheimer,Cabot
3/13/2022 8:44:14,No,Wigglesworth,White,Computer Science,Male,Currier,5,No,,No,1,Definitely Yes,Adams,Winthrop,Lowell,Dunster,Eliot,Mather,Leverett,Quincy,Kirkland,Currier,Cabot,Pforzheimer
3/13/2022 10:38:36,No,Hollis,Prefer not to say,Mechanical Engineering,Female,Adams,8,Yes,5,No,10,Definitely No,Adams,Winthrop,Lowell,Dunster,Quincy,Leverett,Eliot,Mather,Pforzheimer,Kirkland,Currier,Cabot
3/13/2022 11:06:04,No,Straus,Black or African-American,Integrative Biology,Male,Adams,8,Yes,6,No,9,Definitely No,Adams,Mather,Quincy,Lowell,Winthrop,Dunster,Eliot,Leverett,Kirkland,Cabot,Pforzheimer,Currier
3/13/2022 11:14:14,No,Straus,White,History and Science,Female,Lowell,8,No,,No,10,Definitely No,Lowell,Adams,Quincy,Dunster,Kirkland,Winthrop,Eliot,Currier,Pforzheimer,Mather,Cabot,Leverett
3/13/2022 11:40:37,No,Grays,White,Government,Female,Lowell,8,Yes,8,Yes,10,Definitely No,Lowell,Adams,Quincy,Winthrop,Eliot,Kirkland,Leverett,Mather,Dunster,Pforzheimer,Cabot,Currier
3/13/2022 12:14:23,No,Grays,,,Female,Eliot,5,Yes,3,No,10,Probably No,Eliot,Currier,Mather,Quincy,Lowell,Leverett,Winthrop,Adams,Dunster,Kirkland,Pforzheimer,Cabot
3/13/2022 12:46:45,Yes,Matthews,White,Computer Science,Female,Winthrop,6,No,,No,10,Definitely No,Winthrop,Lowell,Dunster,Eliot,Adams,Quincy,Leverett,Pforzheimer,Mather,Kirkland,Currier,Cabot
3/13/2022 13:48:56,No,Straus,"Latine, Indigenous Latine","Astrophysics, Human Evolutionary Biology",Female,Lowell,1,No,,No,10,Definitely No,Lowell,Winthrop,Dunster,Quincy,Leverett,Adams,Currier,Mather,Pforzheimer,Eliot,Kirkland,Cabot
3/13/2022 13:58:51,No,Wigglesworth,Asian,Computer Science,Male,Mather,5,Yes,5,No,10,Definitely No,Mather,Winthrop,Quincy,Lowell,Dunster,Adams,Leverett,Eliot,Kirkland,Currier,Pforzheimer,Cabot
3/13/2022 14:15:58,No,Off-campus/Other,Black or African-American,Social Studies,Female,Quincy,4,Yes,8,No,9,Definitely No,Winthrop,Dunster,Lowell,Quincy,Adams,Leverett,Eliot,Pforzheimer,Currier,Cabot,Mather,Kirkland
3/13/2022 16:38:26,Yes,Canaday,Indian,Computer Science,Male,Quincy,8,Yes,2,Yes,7,Probably No,Quincy,Winthrop,Lowell,Dunster,Eliot,Adams,Leverett,Mather,Kirkland,Pforzheimer,Currier,Cabot
3/13/2022 17:41:53,No,Canaday,White,Integrative Biology,Female,Leverett,1,No,,Yes,1,Definitely Yes,Mather,Quincy,Winthrop,Kirkland,Dunster,Eliot,Adams,Currier,Cabot,Lowell,Pforzheimer,Leverett
3/13/2022 22:03:03,No,Holworthy,Asian,"Computer Science, Statistics",Female,Winthrop,8,Yes,8,No,10,Probably No,Winthrop,Quincy,Lowell,Leverett,Adams,Dunster,Eliot,Cabot,Mather,Kirkland,Pforzheimer,Currier
3/14/2022 0:40:19,No,Hollis,White,Government,Male,Adams,2,Yes,1,No,9,Definitely No,Adams,Dunster,Lowell,Winthrop,Eliot,Kirkland,Quincy,Leverett,Mather,Pforzheimer,Currier,Cabot
3/14/2022 6:21:06,No,Straus,Asian,Chemistry,Female,Cabot,7,Yes,6,No,10,Definitely No,Cabot,Pforzheimer,Currier,Eliot,Lowell,Winthrop,Dunster,Leverett,Mather,Adams,Quincy,Kirkland
3/14/2022 9:06:01,No,Grays,White,Molecular and Cellular Biology,Female,Mather,5,Yes,4,Yes,7,Definitely No,Mather,Dunster,Adams,Lowell,Currier,Winthrop,Eliot,Quincy,Leverett,Kirkland,Cabot,Pforzheimer
3/14/2022 11:07:32,No,,"Asian, White","Art, Film, and Visual Studies",Male,Kirkland,5,No,,No,5,Definitely No,Lowell,Winthrop,Dunster,Adams,Eliot,Mather,Quincy,Kirkland,Leverett,Pforzheimer,Cabot,Currier
3/14/2022 11:07:38,No,Off-campus/Other,Asian,"Applied Mathematics, Integrative Biology",Male,Leverett,2,No,,No,10,Definitely No,Leverett,Adams,Quincy,Pforzheimer,Currier,Winthrop,Cabot,Kirkland,Eliot,Mather,Lowell,Dunster
3/14/2022 11:10:40,Yes,Weld,Asian,Economics,Female,Leverett,4,Yes,8,No,8,Probably No,Leverett,Dunster,Winthrop,Adams,Lowell,Quincy,Eliot,Kirkland,Mather,Currier,Pforzheimer,Cabot
3/14/2022 11:12:20,No,Off-campus/Other,White,Applied Mathematics,Female,Eliot,7,Yes,8,No,2,Definitely Yes,Pforzheimer,Currier,Lowell,Winthrop,Dunster,Cabot,Leverett,Eliot,Kirkland,Mather,Quincy,Adams
3/14/2022 11:12:40,Yes,Hurlbut,"Black or African-American, White","Applied Mathematics, Economics",Male,Eliot,5,No,,No,10,Definitely No,Eliot,Quincy,Winthrop,Lowell,Dunster,Adams,Leverett,Kirkland,Mather,Pforzheimer,Currier,Cabot
3/14/2022 11:14:40,No,Canaday,White,Mathematics,Male,Leverett,8,No,,No,10,Definitely No,Leverett,Lowell,Dunster,Adams,Quincy,Winthrop,Kirkland,Eliot,Mather,Pforzheimer,Currier,Cabot
3/14/2022 11:19:30,No,Off-campus/Other,"Asian, White",Social Studies,Female,Adams,7,Yes,2,No,10,Definitely No,Adams,Lowell,Winthrop,Quincy,Kirkland,Eliot,Dunster,Leverett,Mather,Pforzheimer,Currier,Cabot
3/14/2022 11:26:23,Yes,Wigglesworth,Asian,"Computer Science, Human Developmental and Regenerative Biology",Female,Adams,6,No,,No,8,Definitely No,Adams,Winthrop,Dunster,Lowell,Currier,Quincy,Leverett,Eliot,Kirkland,Pforzheimer,Mather,Cabot
3/14/2022 11:30:39,No,Canaday,White,Mathematics,Male,Pforzheimer,5,Yes,4,No,5,Definitely No,Lowell,Winthrop,Adams,Pforzheimer,Eliot,Quincy,Mather,Dunster,Leverett,Kirkland,Currier,Cabot
3/14/2022 11:33:23,No,Mower,Asian,Economics,Female,Kirkland,3,No,,No,10,Definitely No,Kirkland,Lowell,Winthrop,Quincy,Adams,Dunster,Leverett,Eliot,Mather,Pforzheimer,Currier,Cabot
3/14/2022 11:34:34,No,Wigglesworth,Black or African-American,Government,Male,Dunster,6,No,,No,10,Definitely No,Dunster,Lowell,Winthrop,Eliot,Adams,Quincy,Mather,Leverett,Pforzheimer,Kirkland,Currier,Cabot
3/14/2022 11:52:32,No,Wigglesworth,Asian,Computer Science,Male,Eliot,8,Yes,8,No,9,Probably No,Eliot,Winthrop,Dunster,Lowell,Quincy,Adams,Leverett,Mather,Cabot,Kirkland,Currier,Pforzheimer
3/14/2022 11:56:49,No,Off-campus/Other,Asian,"Chemical and Physical Biology, Physics",Male,Mather,8,Yes,8,No,9,Probably No,Mather,Winthrop,Leverett,Lowell,Quincy,Adams,Currier,Pforzheimer,Dunster,Kirkland,Eliot,Cabot
3/14/2022 12:02:24,No,Hurlbut,White,"Chemical and Physical Biology, Statistics",Male,Kirkland,2,No,,No,6,Definitely No,Lowell,Winthrop,Adams,Dunster,Leverett,Eliot,Kirkland,Quincy,Currier,Mather,Cabot,Pforzheimer
3/14/2022 12:02:27,No,Pennypacker,Prefer not to say,Government,Male,Eliot,2,No,,No,3,Definitely No,Eliot,Lowell,Kirkland,Leverett,Dunster,Adams,Quincy,Mather,Winthrop,Pforzheimer,Currier,Cabot
3/14/2022 12:06:11,Yes,Greenough,,Mathematics,Female,Quincy,8,Yes,8,No,10,Definitely No,Quincy,Currier,Adams,Mather,Winthrop,Leverett,Lowell,Dunster,Pforzheimer,Eliot,Cabot,Kirkland
3/14/2022 12:09:42,Yes,Thayer,Asian,Government,Female,Pforzheimer,7,Yes,5,No,8,Probably No,Pforzheimer,Cabot,Currier,Kirkland,Eliot,Leverett,Dunster,Lowell,Quincy,Winthrop,Adams,Mather
3/14/2022 12:28:21,Yes,Wigglesworth,Asian,Mathematics,Female,Eliot,5,Yes,3,No,9,Definitely No,Quincy,Dunster,Mather,Eliot,Winthrop,Lowell,Adams,Leverett,Kirkland,Pforzheimer,Currier,Cabot
3/14/2022 12:29:51,Yes,Off-campus/Other,Asian,"Applied Mathematics, Computer Science",Male,Currier,3,No,,No,7,Definitely No,Currier,Pforzheimer,Cabot,Quincy,Dunster,Eliot,Leverett,Winthrop,Lowell,Adams,Kirkland,Mather
3/14/2022 12:33:03,Yes,Pennypacker,White,"Applied Mathematics, Economics, Government",Female,Lowell,6,Yes,6,No,10,Definitely No,Lowell,Adams,Eliot,Dunster,Winthrop,Leverett,Kirkland,Quincy,Mather,Pforzheimer,Currier,Cabot
3/14/2022 12:54:08,No,Pennypacker,Black or African-American,Neuroscience,Male,Currier,7,Yes,6,No,8,Definitely No,Currier,Adams,Eliot,Winthrop,Quincy,Pforzheimer,Cabot,Dunster,Leverett,Lowell,Mather,Kirkland
3/14/2022 12:54:22,Yes,Thayer,Asian,,Male,Lowell,8,No,,No,10,Definitely No,Lowell,Winthrop,Quincy,Adams,Eliot,Mather,Dunster,Leverett,Kirkland,Pforzheimer,Currier,Cabot
3/14/2022 12:56:49,No,Canaday,White,"Mathematics, Physics",Female,Eliot,7,Yes,8,No,7,Definitely No,Lowell,Winthrop,Eliot,Adams,Leverett,Mather,Dunster,Quincy,Kirkland,Currier,Cabot,Pforzheimer
3/14/2022 13:10:33,Yes,Grays,Asian,Computer Science,Male,Lowell,8,No,,No,10,Definitely No,Lowell,Winthrop,Quincy,Adams,Leverett,Dunster,Eliot,Kirkland,Mather,Pforzheimer,Cabot,Currier
3/14/2022 13:26:54,No,Greenough,Black or African-American,Computer Science,Male,Currier,4,Yes,7,No,10,Definitely No,Currier,Lowell,Dunster,Winthrop,Mather,Adams,Quincy,Leverett,Eliot,Pforzheimer,Kirkland,Cabot
3/14/2022 13:46:15,Yes,Wigglesworth,Asian,Economics,Female,Dunster,4,No,,No,9,Definitely No,Winthrop,Lowell,Dunster,Adams,Eliot,Leverett,Quincy,Mather,Pforzheimer,Currier,Kirkland,Cabot
3/14/2022 13:53:03,No,Off-campus/Other,Black or African-American,Mathematics,Male,Lowell,6,Yes,8,No,10,Definitely No,Lowell,Adams,Winthrop,Leverett,Quincy,Dunster,Eliot,Mather,Kirkland,Cabot,Pforzheimer,Currier
3/14/2022 13:54:06,No,Matthews,Asian,Chemical and Physical Biology,Male,Dunster,8,Yes,8,No,10,Definitely No,Dunster,Currier,Adams,Lowell,Eliot,Winthrop,Quincy,Pforzheimer,Leverett,Kirkland,Cabot,Mather
3/14/2022 14:02:10,No,Wigglesworth,Asian,Statistics,Female,Quincy,7,Yes,4,Yes,10,Definitely No,Quincy,Lowell,Winthrop,Leverett,Eliot,Adams,Mather,Dunster,Kirkland,Currier,Cabot,Pforzheimer
3/14/2022 14:25:59,Yes,Wigglesworth,Asian,,Female,Eliot,7,Yes,8,No,10,Definitely No,Eliot,Dunster,Lowell,Winthrop,Mather,Kirkland,Leverett,Quincy,Adams,Cabot,Currier,Pforzheimer
3/14/2022 14:27:21,Yes,Weld,Asian,Statistics,Nonbinary,Eliot,8,No,,No,7,Definitely No,Dunster,Quincy,Adams,Lowell,Eliot,Pforzheimer,Winthrop,Kirkland,Leverett,Mather,Cabot,Currier
3/14/2022 14:28:38,Yes,Canaday,White,,Male,Cabot,6,No,,No,1,Probably Yes,Lowell,Winthrop,Adams,Dunster,Kirkland,Quincy,Leverett,Eliot,Mather,Currier,Pforzheimer,Cabot
3/14/2022 14:34:00,Yes,Canaday,Asian,Economics,Female,Mather,5,No,,No,9,Probably No,Mather,Adams,Winthrop,Quincy,Lowell,Pforzheimer,Dunster,Eliot,Leverett,Kirkland,Currier,Cabot
3/14/2022 14:37:45,Yes,Off-campus/Other,Asian,History,Male,Dunster,5,Yes,2,No,8,Probably No,Winthrop,Dunster,Lowell,Quincy,Adams,Leverett,Eliot,Currier,Pforzheimer,Cabot,Kirkland,Mather
3/14/2022 14:40:41,Yes,Off-campus/Other,Black or African-American,Biomedical Engineering,Female,Pforzheimer,7,No,,No,10,Definitely No,Winthrop,Lowell,Pforzheimer,Quincy,Dunster,Leverett,Currier,Cabot,Adams,Mather,Eliot,Kirkland
3/14/2022 14:43:14,Yes,Pennypacker,Asian,Computer Science,Female,Currier,6,No,,No,10,Definitely No,Currier,Mather,Quincy,Winthrop,Dunster,Leverett,Lowell,Adams,Eliot,Kirkland,Pforzheimer,Cabot
3/14/2022 14:51:36,Yes,Weld,Asian,,Female,Pforzheimer,6,Yes,5,No,7,Probably No,Pforzheimer,Adams,Quincy,Dunster,Winthrop,Eliot,Currier,Leverett,Lowell,Kirkland,Mather,Cabot
3/14/2022 15:01:23,Yes,Thayer,Asian,Applied Mathematics,Female,Eliot,7,Yes,3,No,9,Definitely No,Winthrop,Adams,Eliot,Lowell,Dunster,Quincy,Leverett,Mather,Kirkland,Currier,Cabot,Pforzheimer
3/14/2022 15:06:29,No,Thayer,White,Mechanical Engineering,Male,Quincy,5,Yes,5,No,9,Definitely No,Quincy,Winthrop,Lowell,Dunster,Adams,Leverett,Eliot,Kirkland,Mather,Pforzheimer,Currier,Cabot
3/14/2022 15:12:48,Yes,Apley Court,Asian,"Computer Science, Mathematics",Male,Pforzheimer,6,No,,No,3,Maybe,Winthrop,Lowell,Adams,Quincy,Dunster,Eliot,Mather,Kirkland,Leverett,Pforzheimer,Currier,Cabot
3/14/2022 15:27:01,Yes,Wigglesworth,White,"Computer Science, Electrical Engineering",Male,Lowell,6,Yes,8,No,10,Definitely No,Lowell,Dunster,Winthrop,Adams,Mather,Quincy,Leverett,Eliot,Kirkland,Cabot,Pforzheimer,Currier
3/14/2022 15:51:07,No,Wigglesworth,Middle Eastern,Economics,Male,Quincy,6,No,,No,8,Definitely No,Lowell,Winthrop,Quincy,Dunster,Leverett,Adams,Mather,Eliot,Kirkland,Pforzheimer,Cabot,Currier
3/14/2022 16:04:34,Yes,Off-campus/Other,White,"Chemistry, Computer Science",Male,Cabot,7,No,,No,6,Probably No,Cabot,Currier,Pforzheimer,Quincy,Lowell,Leverett,Winthrop,Dunster,Eliot,Kirkland,Adams,Mather
3/14/2022 16:38:56,No,Weld,White,Applied Mathematics,Male,Leverett,8,No,,No,9,Definitely No,Lowell,Winthrop,Quincy,Leverett,Adams,Dunster,Mather,Eliot,Kirkland,Cabot,Pforzheimer,Currier
3/14/2022 16:41:56,Yes,Canaday,White,English,Male,Eliot,1,No,,No,10,Definitely No,Eliot,Pforzheimer,Cabot,Currier,Mather,Dunster,Winthrop,Lowell,Adams,Quincy,Kirkland,Leverett
3/14/2022 16:56:53,No,Weld,"White, Brazilian","English, Music",Female,Adams,3,No,,No,10,Definitely No,Adams,Lowell,Kirkland,Leverett,Winthrop,Quincy,Eliot,Dunster,Pforzheimer,Cabot,Currier,Mather
3/14/2022 17:17:48,Yes,Thayer,Asian,Social Studies,Female,Lowell,6,Yes,6,No,10,Definitely No,Lowell,Winthrop,Adams,Quincy,Dunster,Eliot,Leverett,Mather,Kirkland,Pforzheimer,Currier,Cabot
3/14/2022 18:58:48,Yes,Wigglesworth,Asian,Government,Female,Mather,8,Yes,6,No,2,Maybe,Lowell,Winthrop,Adams,Eliot,Quincy,Dunster,Leverett,Kirkland,Mather,Pforzheimer,Currier,Cabot
3/14/2022 19:02:41,Yes,Thayer,White,"Mathematics, Statistics",Male,Pforzheimer,8,No,,No,7,Probably No,Dunster,Winthrop,Pforzheimer,Currier,Mather,Cabot,Lowell,Adams,Eliot,Quincy,Leverett,Kirkland
3/14/2022 21:06:47,Yes,Thayer,Asian,Computer Science,Female,Eliot,7,Yes,3,No,9,Definitely No,Eliot,Dunster,Winthrop,Lowell,Adams,Quincy,Leverett,Kirkland,Mather,Currier,Pforzheimer,Cabot
3/14/2022 21:34:26,Yes,Wigglesworth,Asian,Statistics,Female,Currier,8,Yes,3,No,3,Maybe,Dunster,Lowell,Quincy,Mather,Kirkland,Winthrop,Adams,Eliot,Leverett,Currier,Pforzheimer,Cabot
3/14/2022 21:45:22,No,Canaday,White,History,Male,Lowell,2,Yes,6,No,8,Probably No,Lowell,Cabot,Quincy,Leverett,Winthrop,Mather,Pforzheimer,Currier,Eliot,Kirkland,Adams,Dunster
3/14/2022 21:55:02,Yes,Canaday,Asian,"Classics, Physics",Male,Cabot,6,No,,No,2,Probably No,Winthrop,Lowell,Adams,Dunster,Eliot,Kirkland,Leverett,Quincy,Mather,Cabot,Pforzheimer,Currier
3/14/2022 22:52:04,Yes,Holworthy,White,Social Studies,Male,Quincy,8,Yes,7,No,8,Probably No,Lowell,Adams,Winthrop,Quincy,Kirkland,Eliot,Dunster,Leverett,Mather,Pforzheimer,Cabot,Currier
3/14/2022 23:37:17,Yes,Massachusetts Hall,White,"Computer Science, Physics",Male,Lowell,7,Yes,6,No,10,Definitely No,Lowell,Winthrop,Dunster,Leverett,Quincy,Mather,Kirkland,Currier,Eliot,Adams,Cabot,Pforzheimer
3/15/2022 5:39:00,Yes,Greenough,Asian,Applied Mathematics,Male,Mather,6,No,,No,7,Probably No,Dunster,Winthrop,Adams,Lowell,Quincy,Mather,Leverett,Pforzheimer,Eliot,Currier,Cabot,Kirkland
3/15/2022 10:17:02,Yes,Canaday,Asian,"Applied Mathematics, Computer Science, Sociology",Male,Kirkland,4,No,,No,9,Probably No,Lowell,Winthrop,Dunster,Adams,Kirkland,Leverett,Pforzheimer,Quincy,Mather,Eliot,Currier,Cabot
3/15/2022 11:22:13,No,Canaday,White,Computer Science,Male,Dunster,8,Yes,8,No,10,Definitely No,Dunster,Mather,Adams,Lowell,Eliot,Winthrop,Quincy,Leverett,Cabot,Kirkland,Currier,Pforzheimer
3/15/2022 11:23:29,Yes,Weld,Asian,Applied Mathematics,Female,Currier,7,No,,No,9,Probably No,Currier,Lowell,Winthrop,Dunster,Leverett,Adams,Mather,Quincy,Pforzheimer,Cabot,Eliot,Kirkland
3/15/2022 11:25:33,Yes,Matthews,Asian,Computer Science,Female,Lowell,8,No,,No,10,Definitely No,Lowell,Winthrop,Leverett,Dunster,Eliot,Kirkland,Quincy,Mather,Adams,Currier,Pforzheimer,Cabot
3/15/2022 11:38:07,Yes,Wigglesworth,Asian,Computer Science,Male,Currier,5,Yes,8,No,6,Probably No,Lowell,Adams,Quincy,Dunster,Eliot,Winthrop,Mather,Leverett,Kirkland,Currier,Pforzheimer,Cabot
3/15/2022 11:52:52,Yes,Holworthy,Asian,Economics,Female,Kirkland,4,No,,No,4,Probably No,Lowell,Winthrop,Quincy,Dunster,Eliot,Adams,Leverett,Kirkland,Mather,Pforzheimer,Cabot,Currier
3/15/2022 11:58:23,Yes,Canaday,Native Hawaiian and Other Pacific Islander,Computer Science,Female,Leverett,4,Yes,8,No,10,Definitely No,Leverett,Winthrop,Dunster,Adams,Lowell,Quincy,Eliot,Kirkland,Pforzheimer,Cabot,Currier,Mather
3/15/2022 12:30:55,Yes,Greenough,White,"Computer Science, English",Female,Lowell,7,Yes,6,No,9,Definitely No,Adams,Lowell,Dunster,Eliot,Quincy,Leverett,Winthrop,Mather,Currier,Pforzheimer,Cabot,Kirkland
3/15/2022 12:35:14,No,Weld,Asian,Applied Mathematics,Male,Eliot,7,Yes,8,No,8,Definitely No,Winthrop,Eliot,Quincy,Lowell,Dunster,Mather,Leverett,Adams,Kirkland,Currier,Pforzheimer,Cabot
3/15/2022 12:51:12,Yes,Wigglesworth,Asian,Computer Science,Male,Currier,5,Yes,6,No,5,Maybe,Lowell,Adams,Eliot,Winthrop,Quincy,Mather,Dunster,Pforzheimer,Currier,Cabot,Kirkland,Leverett
3/15/2022 12:58:36,Yes,Canaday,White,Applied Mathematics,Male,Lowell,7,No,,No,10,Definitely No,Lowell,Adams,Dunster,Eliot,Winthrop,Quincy,Kirkland,Leverett,Mather,Cabot,Currier,Pforzheimer
3/15/2022 13:01:46,Yes,Pennypacker,Black or African-American,Environmental Science and Public Policy,Female,Kirkland,7,Yes,7,No,1,Definitely Yes,Lowell,Adams,Quincy,Winthrop,Dunster,Leverett,Mather,Cabot,Pforzheimer,Eliot,Currier,Kirkland
3/15/2022 13:18:07,No,Off-campus/Other,Asian,Computer Science,Male,Mather,6,No,,No,10,Definitely No,Mather,Leverett,Winthrop,Quincy,Pforzheimer,Cabot,Currier,Eliot,Kirkland,Dunster,Lowell,Adams
3/15/2022 13:20:33,Yes,Off-campus/Other,Asian,Applied Mathematics,Male,Lowell,6,Yes,4,No,10,Probably No,Lowell,Winthrop,Quincy,Pforzheimer,Mather,Eliot,Dunster,Leverett,Kirkland,Currier,Cabot,Adams
3/15/2022 13:50:27,Yes,Matthews,"Asian, White",Applied Mathematics,Female,Mather,4,Yes,7,No,8,Definitely No,Mather,Dunster,Winthrop,Lowell,Leverett,Eliot,Kirkland,Quincy,Adams,Cabot,Currier,Pforzheimer
3/15/2022 13:53:27,Yes,Canaday,White,Applied Mathematics,Female,Mather,6,Yes,8,No,1,Probably Yes,Lowell,Adams,Dunster,Winthrop,Kirkland,Eliot,Quincy,Leverett,Pforzheimer,Cabot,Currier,Mather
3/15/2022 14:14:56,Yes,Straus,Black or African-American,Computer Science,Male,Kirkland,6,Yes,7,No,4,Probably No,Adams,Lowell,Winthrop,Dunster,Quincy,Leverett,Eliot,Kirkland,Mather,Cabot,Currier,Pforzheimer
3/15/2022 14:52:44,No,Wigglesworth,Asian,"Chemistry, Computer Science",Female,Quincy,3,Yes,2,No,10,Definitely No,Quincy,Lowell,Winthrop,Adams,Leverett,Dunster,Mather,Kirkland,Pforzheimer,Cabot,Currier,Eliot
3/15/2022 14:56:54,Yes,Holworthy,Asian,Computer Science,Male,Dunster,7,Yes,6,No,10,Definitely No,Dunster,Lowell,Adams,Winthrop,Quincy,Leverett,Mather,Eliot,Kirkland,Currier,Pforzheimer,Cabot
3/15/2022 15:13:04,No,Matthews,"Asian, White","Linguistics, Mathematics",Female,Kirkland,7,No,,No,9,Probably No,Kirkland,Adams,Quincy,Lowell,Dunster,Winthrop,Eliot,Mather,Leverett,Cabot,Currier,Pforzheimer
3/15/2022 15:15:59,Yes,Wigglesworth,Asian,Computer Science,Male,Dunster,7,Yes,4,No,10,Definitely No,Dunster,Lowell,Winthrop,Quincy,Adams,Leverett,Mather,Pforzheimer,Currier,Eliot,Cabot,Kirkland
3/15/2022 16:03:31,Yes,Massachusetts Hall,Asian,Computer Science,Male,Currier,6,Yes,4,No,4,Probably No,Winthrop,Adams,Dunster,Leverett,Lowell,Quincy,Pforzheimer,Currier,Cabot,Eliot,Mather,Kirkland
3/15/2022 18:01:54,Yes,Hollis,Asian,Computer Science,Female,Eliot,5,Yes,3,No,9,Definitely No,Lowell,Winthrop,Eliot,Quincy,Leverett,Adams,Currier,Pforzheimer,Mather,Dunster,Cabot,Kirkland
3/15/2022 18:21:35,No,Canaday,Asian,"Computer Science, Philosophy",Female,Dunster,8,No,,No,9,Definitely No,Lowell,Dunster,Adams,Quincy,Leverett,Winthrop,Kirkland,Mather,Currier,Pforzheimer,Cabot,Eliot
3/15/2022 19:36:54,Yes,Canaday,White,Human Developmental and Regenerative Biology,Female,Quincy,6,Yes,4,No,10,Definitely No,Quincy,Winthrop,Lowell,Adams,Eliot,Leverett,Dunster,Mather,Kirkland,Pforzheimer,Cabot,Currier
3/15/2022 19:50:23,Yes,Wigglesworth,Black or African-American,Computer Science,Male,Kirkland,6,Yes,8,No,4,Probably No,Winthrop,Adams,Leverett,Quincy,Dunster,Mather,Lowell,Eliot,Kirkland,Currier,Pforzheimer,Cabot
3/15/2022 20:00:15,Yes,Stoughton,White,Economics,Female,Eliot,5,Yes,3,No,7,Definitely No,Eliot,Lowell,Quincy,Winthrop,Leverett,Dunster,Adams,Kirkland,Mather,Pforzheimer,Currier,Cabot
3/15/2022 22:27:19,Yes,Matthews,White,Integrative Biology,Questioning,Winthrop,6,Yes,3,No,9,Definitely No,Winthrop,Eliot,Mather,Adams,Lowell,Quincy,Leverett,Dunster,Currier,Pforzheimer,Cabot,Kirkland
3/15/2022 22:38:39,No,Pennypacker,Black or African-American,Computer Science,Male,Lowell,7,Yes,8,No,10,Definitely No,Lowell,Dunster,Adams,Eliot,Winthrop,Quincy,Leverett,Kirkland,Mather,Currier,Pforzheimer,Cabot
3/15/2022 22:42:22,Yes,Canaday,Black or African-American,Applied Mathematics,Male,Currier,8,No,,No,9,Definitely No,Currier,Leverett,Lowell,Pforzheimer,Dunster,Quincy,Winthrop,Adams,Eliot,Mather,Cabot,Kirkland
3/16/2022 2:41:19,No,Canaday,White,Integrative Biology,Male,Leverett,1,No,,No,1,Definitely Yes,Adams,Currier,Kirkland,Quincy,Pforzheimer,Winthrop,Eliot,Lowell,Mather,Dunster,Cabot,Leverett
3/16/2022 3:09:12,No,Thayer,Asian,"Computer Science, Government",Female,Dunster,4,Yes,5,No,9,Definitely No,Dunster,Lowell,Winthrop,Adams,Leverett,Quincy,Pforzheimer,Mather,Kirkland,Currier,Cabot,Eliot
3/16/2022 10:00:58,Yes,Grays,Asian,Computer Science,Female,Mather,8,Yes,6,No,9,Probably No,Winthrop,Dunster,Mather,Lowell,Leverett,Adams,Quincy,Eliot,Kirkland,Pforzheimer,Currier,Cabot
3/16/2022 12:56:17,Yes,Massachusetts Hall,White,Economics,Female,Mather,5,No,,No,7,Probably No,Winthrop,Eliot,Dunster,Lowell,Leverett,Mather,Quincy,Adams,Kirkland,Pforzheimer,Currier,Cabot
3/17/2022 6:33:34,Yes,Thayer,White,Economics,Male,Dunster,8,Yes,5,No,9,Definitely No,Lowell,Dunster,Adams,Quincy,Winthrop,Mather,Eliot,Leverett,Kirkland,Currier,Cabot,Pforzheimer
3/17/2022 6:39:26,Yes,Canaday,White,"Applied Mathematics, Neuroscience",Female,Winthrop,8,Yes,7,No,10,Definitely No,Winthrop,Lowell,Eliot,Dunster,Kirkland,Leverett,Quincy,Adams,Currier,Cabot,Pforzheimer,Mather
3/17/2022 6:39:45,Yes,Pennypacker,Asian,"Environmental Science and Engineering, Environmental Science and Public Policy",Female,Lowell,8,No,,No,8,Definitely No,Lowell,Adams,Winthrop,Dunster,Quincy,Pforzheimer,Currier,Eliot,Leverett,Kirkland,Mather,Cabot
3/17/2022 6:40:16,Yes,Matthews,"Asian, Black or African-American",Computer Science,Nonbinary,Pforzheimer,3,No,,No,10,Definitely No,Lowell,Quincy,Winthrop,Pforzheimer,Mather,Leverett,Currier,Dunster,Cabot,Adams,Eliot,Kirkland
3/17/2022 6:45:08,Yes,Matthews,White,English,Female,Currier,5,No,,No,10,Probably No,Currier,Pforzheimer,Cabot,Mather,Lowell,Adams,Dunster,Leverett,Quincy,Winthrop,Kirkland,Eliot
3/17/2022 7:18:29,Yes,Canaday,White,,Male,Currier,3,No,,No,3,Probably No,Lowell,Winthrop,Dunster,Eliot,Adams,Quincy,Leverett,Kirkland,Mather,Pforzheimer,Currier,Cabot
3/17/2022 7:22:12,Yes,Hurlbut,White,Government,Female,Eliot,1,No,,No,8,Probably No,Lowell,Dunster,Eliot,Adams,Winthrop,Leverett,Quincy,Mather,Kirkland,Currier,Pforzheimer,Cabot
3/17/2022 7:25:26,Yes,Grays,White,"Government, Philosophy",Male,Dunster,7,Yes,6,No,10,Definitely No,Dunster,Lowell,Winthrop,Adams,Currier,Eliot,Mather,Quincy,Leverett,Pforzheimer,Kirkland,Cabot
3/17/2022 7:44:29,Yes,Wigglesworth,Asian,Chemistry,Female,Quincy,4,No,,No,10,Definitely No,Quincy,Lowell,Winthrop,Adams,Mather,Eliot,Leverett,Dunster,Pforzheimer,Kirkland,Currier,Cabot
3/17/2022 7:53:54,No,Thayer,Asian,Computer Science,Male,Currier,6,No,,No,3,Definitely Yes,Lowell,Dunster,Winthrop,Quincy,Mather,Kirkland,Adams,Eliot,Leverett,Currier,Cabot,Pforzheimer
3/17/2022 8:14:53,Yes,Off-campus/Other,Asian,Computer Science,Male,Winthrop,6,No,,No,10,Probably No,Winthrop,Quincy,Leverett,Lowell,Mather,Dunster,Adams,Currier,Pforzheimer,Eliot,Kirkland,Cabot
3/17/2022 8:31:30,Yes,Greenough,Asian,"History and Science, Sociology",Female,Eliot,8,No,,No,6,Definitely No,Mather,Winthrop,Adams,Leverett,Dunster,Eliot,Kirkland,Quincy,Lowell,Pforzheimer,Currier,Cabot
3/17/2022 8:33:27,Yes,Canaday,White,Economics,Male,Lowell,8,Yes,2,No,9,Definitely No,Lowell,Dunster,Eliot,Kirkland,Leverett,Winthrop,Adams,Quincy,Mather,Pforzheimer,Cabot,Currier
3/17/2022 8:46:49,Yes,Thayer,"Asian, Black or African-American, White","Economics, Romance Languages and Literatures",Male,Cabot,3,No,,No,4,Probably Yes,Lowell,Dunster,Eliot,Winthrop,Quincy,Leverett,Cabot,Adams,Kirkland,Mather,Pforzheimer,Currier
3/17/2022 8:53:28,Yes,Wigglesworth,White,Applied Mathematics,Male,Currier,5,No,,No,2,Definitely Yes,Winthrop,Dunster,Eliot,Adams,Lowell,Leverett,Mather,Kirkland,Quincy,Currier,Cabot,Pforzheimer
3/17/2022 8:59:54,Yes,Canaday,Black or African-American,Psychology,Female,Kirkland,4,No,,No,6,Probably Yes,Lowell,Winthrop,Quincy,Dunster,Eliot,Adams,Leverett,Mather,Kirkland,Currier,Pforzheimer,Cabot
3/17/2022 9:00:23,Yes,Off-campus/Other,Asian,"Applied Mathematics, Economics",Female,Eliot,7,Yes,4,Yes,7,Probably No,Lowell,Winthrop,Adams,Quincy,Eliot,Leverett,Dunster,Mather,Kirkland,Currier,Pforzheimer,Cabot
3/17/2022 9:05:54,Yes,Off-campus/Other,White,Economics,Male,Dunster,8,Yes,4,No,9,Definitely No,Dunster,Lowell,Winthrop,Adams,Quincy,Mather,Leverett,Eliot,Pforzheimer,Cabot,Currier,Kirkland
3/17/2022 9:11:34,Yes,Canaday,"Asian, White","Anthropology, Applied Mathematics",Male,Cabot,2,No,,No,10,Definitely No,Cabot,Currier,Pforzheimer,Lowell,Quincy,Winthrop,Adams,Dunster,Kirkland,Eliot,Leverett,Mather
3/17/2022 9:12:31,Yes,Matthews,White,"Economics, Psychology",Female,Leverett,5,Yes,6,Yes,10,Definitely No,Lowell,Eliot,Leverett,Dunster,Quincy,Mather,Kirkland,Winthrop,Adams,Currier,Cabot,Pforzheimer
3/17/2022 9:13:17,Yes,Thayer,White,Computer Science,Male,Pforzheimer,7,No,,No,10,Definitely No,Pforzheimer,Lowell,Adams,Quincy,Winthrop,Dunster,Kirkland,Eliot,Leverett,Currier,Mather,Cabot
3/17/2022 9:25:13,Yes,Thayer,Prefer not to say,Environmental Science and Public Policy,Female,Lowell,4,No,,No,10,Definitely No,Lowell,Adams,Mather,Dunster,Winthrop,Quincy,Pforzheimer,Currier,Cabot,Eliot,Leverett,Kirkland
3/17/2022 9:39:35,Yes,Wigglesworth,Black or African-American,Neuroscience,Female,Leverett,7,Yes,3,No,8,Probably No,Winthrop,Lowell,Quincy,Adams,Leverett,Kirkland,Dunster,Currier,Eliot,Pforzheimer,Cabot,Mather
3/17/2022 9:43:53,Yes,Thayer,White,,Female,Lowell,5,Yes,5,Yes,10,Definitely No,Lowell,Dunster,Winthrop,Leverett,Mather,Quincy,Adams,Kirkland,Eliot,Currier,Pforzheimer,Cabot
3/17/2022 9:43:54,Yes,Thayer,Asian,"Art, Film, and Visual Studies, Molecular and Cellular Biology",Male,Mather,5,No,,No,5,Probably Yes,Lowell,Winthrop,Quincy,Dunster,Adams,Eliot,Mather,Kirkland,Leverett,Pforzheimer,Currier,Cabot
3/17/2022 9:48:48,Yes,Matthews,American Indian and Alaska Native,Sociology,Female,Winthrop,6,No,,No,8,Probably No,Winthrop,Quincy,Lowell,Dunster,Adams,Leverett,Pforzheimer,Eliot,Currier,Cabot,Kirkland,Mather
3/17/2022 9:49:45,Yes,Massachusetts Hall,Middle Eastern,Chemistry,Female,Lowell,1,Yes,5,No,10,Definitely No,Lowell,Winthrop,Adams,Eliot,Quincy,Leverett,Kirkland,Dunster,Mather,Pforzheimer,Currier,Cabot
3/17/2022 9:58:51,Yes,Mower,Asian,Economics,Female,Pforzheimer,8,Yes,4,No,2,Probably Yes,Lowell,Adams,Winthrop,Dunster,Eliot,Quincy,Leverett,Mather,Kirkland,Cabot,Pforzheimer,Currier
3/17/2022 10:02:25,Yes,Canaday,Asian,"Computer Science, Mathematics",Male,Currier,8,No,,No,7,Probably No,Lowell,Winthrop,Adams,Currier,Dunster,Leverett,Quincy,Eliot,Mather,Kirkland,Pforzheimer,Cabot
3/17/2022 10:05:08,Yes,Greenough,White,History and Science,Female,Lowell,7,Yes,8,No,10,Probably No,Lowell,Adams,Winthrop,Dunster,Quincy,Eliot,Kirkland,Leverett,Mather,Pforzheimer,Currier,Cabot
3/17/2022 10:07:40,Yes,Canaday,Black or African-American,"Study of Women, Gender, and Sexuality",Female,Dunster,3,Yes,7,No,7,Probably No,Adams,Winthrop,Quincy,Dunster,Lowell,Eliot,Mather,Pforzheimer,Leverett,Kirkland,Currier,Cabot
3/17/2022 10:10:49,Yes,Off-campus/Other,White,Computer Science,Male,Leverett,4,No,,No,8,Definitely No,Lowell,Quincy,Leverett,Winthrop,Adams,Dunster,Eliot,Mather,Kirkland,Pforzheimer,Currier,Cabot
3/17/2022 10:23:32,Yes,Off-campus/Other,White,History,Male,Dunster,5,Yes,2,No,10,Definitely No,Dunster,Winthrop,Lowell,Adams,Quincy,Currier,Leverett,Kirkland,Eliot,Mather,Pforzheimer,Cabot
3/17/2022 10:29:30,Yes,Weld,White,History & Literature,Female,Currier,5,No,,No,9,Definitely No,Currier,Cabot,Dunster,Mather,Lowell,Adams,Leverett,Quincy,Winthrop,Pforzheimer,Eliot,Kirkland
3/17/2022 10:40:30,Yes,Off-campus/Other,White,Psychology,Male,Dunster,8,Yes,5,No,10,Definitely No,Lowell,Dunster,Winthrop,Adams,Quincy,Mather,Leverett,Eliot,Kirkland,Cabot,Currier,Pforzheimer
3/17/2022 10:42:57,Yes,Matthews,Black or African-American,"African and African American Studies, Sociology",Male,Kirkland,1,No,,No,9,Definitely No,Leverett,Eliot,Kirkland,Currier,Dunster,Lowell,Mather,Quincy,Winthrop,Cabot,Adams,Pforzheimer
3/17/2022 10:59:54,Yes,Off-campus/Other,Asian,Computer Science,Female,Kirkland,7,No,,No,9,Probably No,Quincy,Winthrop,Dunster,Adams,Leverett,Lowell,Kirkland,Mather,Cabot,Pforzheimer,Eliot,Currier
3/17/2022 11:01:25,Yes,Wigglesworth,Black or African-American,Human Evolutionary Biology,Female,Lowell,8,Yes,6,No,10,Definitely No,Lowell,Winthrop,Dunster,Leverett,Adams,Eliot,Kirkland,Quincy,Mather,Cabot,Currier,Pforzheimer
3/17/2022 11:04:39,Yes,Weld,White,Applied Mathematics,Male,Kirkland,6,Yes,8,No,5,Definitely No,Lowell,Quincy,Winthrop,Adams,Mather,Dunster,Leverett,Eliot,Kirkland,Pforzheimer,Cabot,Currier
3/17/2022 11:14:11,Yes,Matthews,White,Economics,Male,Currier,8,Yes,5,Yes,1,Maybe,Dunster,Winthrop,Mather,Leverett,Lowell,Eliot,Adams,Quincy,Kirkland,Currier,Cabot,Pforzheimer
3/17/2022 11:15:27,Yes,Straus,Black or African-American,"Government, Romance Languages and Literatures",Female,Winthrop,5,No,,No,10,Definitely No,Winthrop,Eliot,Lowell,Dunster,Quincy,Leverett,Kirkland,Currier,Pforzheimer,Cabot,Adams,Mather
3/17/2022 11:35:05,Yes,Matthews,White,Human Developmental and Regenerative Biology,Female,Winthrop,3,Yes,6,No,10,Definitely No,Winthrop,Lowell,Adams,Dunster,Eliot,Kirkland,Quincy,Leverett,Mather,Pforzheimer,Currier,Cabot
3/17/2022 11:41:42,Yes,Canaday,"Asian, Black or African-American","Economics, Social Studies",Female,Adams,3,No,,No,8,Definitely No,Winthrop,Lowell,Adams,Eliot,Quincy,Leverett,Dunster,Currier,Mather,Cabot,Pforzheimer,Kirkland
3/17/2022 12:08:23,Yes,Weld,White,Neuroscience,Female,Kirkland,7,Yes,8,No,5,Maybe,Lowell,Winthrop,Quincy,Leverett,Eliot,Dunster,Adams,Kirkland,Mather,Pforzheimer,Currier,Cabot
3/17/2022 12:14:01,Yes,Thayer,White,"Engineering Sciences, Environmental Science and Engineering",Male,Currier,6,No,,No,5,Maybe,Lowell,Adams,Dunster,Currier,Eliot,Winthrop,Leverett,Mather,Kirkland,Pforzheimer,Cabot,Quincy
3/17/2022 12:19:24,Yes,Off-campus/Other,Asian,Philosophy,Female,Eliot,8,No,,No,5,Maybe,Eliot,Pforzheimer,Currier,Winthrop,Mather,Lowell,Dunster,Adams,Cabot,Leverett,Quincy,Kirkland
3/17/2022 12:19:30,Yes,Off-campus/Other,White,Applied Mathematics,Male,Cabot,7,Yes,3,No,7,Definitely No,Quincy,Winthrop,Lowell,Dunster,Cabot,Eliot,Adams,Mather,Leverett,Pforzheimer,Kirkland,Currier
3/17/2022 12:21:50,Yes,Weld,"Middle Eastern, White",History,Male,Lowell,8,No,,No,9,Definitely No,Dunster,Lowell,Adams,Leverett,Eliot,Winthrop,Quincy,Kirkland,Mather,Pforzheimer,Cabot,Currier
3/17/2022 12:22:50,Yes,Canaday,White,"Biomedical Engineering, Engineering Sciences",Female,Winthrop,6,No,,No,9,Definitely No,Lowell,Winthrop,Dunster,Adams,Eliot,Kirkland,Leverett,Mather,Quincy,Pforzheimer,Currier,Cabot
3/17/2022 12:40:25,Yes,Off-campus/Other,"Asian, Black or African-American, White","Biomedical Engineering, Engineering Sciences",Male,Pforzheimer,8,No,,No,5,Maybe,Dunster,Adams,Lowell,Mather,Winthrop,Quincy,Pforzheimer,Leverett,Eliot,Currier,Kirkland,Cabot
3/17/2022 12:47:07,Yes,Stoughton,Asian,"Applied Mathematics, Computer Science, Economics",Female,Quincy,2,No,,No,9,Probably No,Quincy,Adams,Lowell,Winthrop,Kirkland,Dunster,Mather,Eliot,Leverett,Cabot,Currier,Pforzheimer
3/17/2022 12:52:21,Yes,Weld,White,Economics,Male,Mather,1,No,,No,8,Definitely No,Winthrop,Lowell,Mather,Leverett,Dunster,Adams,Quincy,Eliot,Pforzheimer,Currier,Cabot,Kirkland
3/17/2022 13:01:03,Yes,Lionel,Asian,Applied Mathematics,Male,Dunster,7,Yes,6,No,9,Definitely No,Lowell,Winthrop,Dunster,Adams,Quincy,Currier,Eliot,Leverett,Pforzheimer,Kirkland,Mather,Cabot
3/17/2022 13:04:47,Yes,Off-campus/Other,Asian,Computer Science,Male,Cabot,7,Yes,3,No,6,Probably No,Adams,Mather,Quincy,Dunster,Lowell,Winthrop,Cabot,Pforzheimer,Leverett,Eliot,Kirkland,Currier
3/17/2022 13:05:01,Yes,Mower,,Human Developmental and Regenerative Biology,Female,Pforzheimer,8,Yes,4,No,1,Definitely Yes,Winthrop,Adams,Dunster,Eliot,Lowell,Kirkland,Leverett,Quincy,Mather,Pforzheimer,Currier,Cabot
3/17/2022 13:06:17,Yes,Canaday,White,Government,Male,Quincy,8,Yes,2,No,8,Definitely No,Lowell,Adams,Dunster,Quincy,Winthrop,Eliot,Mather,Leverett,Pforzheimer,Currier,Cabot,Kirkland
3/17/2022 13:30:57,Yes,Wigglesworth,hispanic,Integrative Biology,Male,Kirkland,4,No,,No,8,Definitely No,Winthrop,Adams,Lowell,Quincy,Dunster,Eliot,Kirkland,Leverett,Mather,Cabot,Pforzheimer,Currier
3/17/2022 13:56:27,Yes,Canaday,White,"Computer Science, Philosophy",Male,Kirkland,6,No,,No,3,Probably Yes,Adams,Lowell,Winthrop,Quincy,Leverett,Dunster,Kirkland,Eliot,Mather,Cabot,Currier,Pforzheimer
3/17/2022 14:48:13,Yes,Matthews,"Asian, White",Computer Science,Nonbinary,Winthrop,6,Yes,4,No,10,Definitely No,Winthrop,Leverett,Quincy,Lowell,Adams,Dunster,Pforzheimer,Eliot,Mather,Currier,Cabot,Kirkland
3/17/2022 15:06:52,Yes,Off-campus/Other,White,Human Developmental and Regenerative Biology,Female,Currier,5,Yes,1,No,8,Probably No,Currier,Adams,Lowell,Eliot,Pforzheimer,Quincy,Winthrop,Cabot,Kirkland,Leverett,Dunster,Mather
3/17/2022 16:07:51,Yes,Wigglesworth,White,Social Studies,Female,Winthrop,7,No,,No,10,Definitely No,Winthrop,Lowell,Dunster,Adams,Quincy,Eliot,Mather,Leverett,Kirkland,Pforzheimer,Currier,Cabot
3/17/2022 16:23:47,Yes,Wigglesworth,White,"Computer Science, English",Prefer not to say,Cabot,3,Yes,8,Yes,6,Probably No,Dunster,Mather,Leverett,Adams,Quincy,Winthrop,Lowell,Kirkland,Pforzheimer,Cabot,Eliot,Currier
3/17/2022 16:38:30,Yes,Wigglesworth,Asian,Mathematics,Male,Leverett,3,Yes,8,No,4,Maybe,Lowell,Winthrop,Adams,Dunster,Quincy,Mather,Eliot,Leverett,Kirkland,Currier,Pforzheimer,Cabot
3/17/2022 16:54:41,Yes,Greenough,Prefer not to say,,Prefer not to say,Leverett,8,No,,No,10,Definitely No,Leverett,Adams,Mather,Dunster,Lowell,Winthrop,Quincy,Pforzheimer,Eliot,Cabot,Currier,Kirkland
3/17/2022 18:05:04,Yes,Grays,White,Social Studies,Male,Cabot,6,Yes,8,No,10,Definitely No,Cabot,Currier,Pforzheimer,Dunster,Lowell,Leverett,Mather,Quincy,Winthrop,Adams,Eliot,Kirkland
3/17/2022 18:05:05,Yes,Matthews,White,Applied Mathematics,Female,Cabot,8,Yes,8,No,4,Probably No,Adams,Dunster,Eliot,Winthrop,Quincy,Leverett,Lowell,Mather,Cabot,Currier,Pforzheimer,Kirkland
3/17/2022 18:12:06,Yes,Straus,White,History,Male,Cabot,3,No,,No,10,Definitely No,Cabot,Pforzheimer,Currier,Winthrop,Quincy,Mather,Leverett,Kirkland,Eliot,Dunster,Lowell,Adams
3/17/2022 18:15:58,Yes,Straus,White,Neuroscience,Female,Cabot,8,Yes,8,No,9,Probably No,Adams,Lowell,Winthrop,Cabot,Quincy,Dunster,Leverett,Mather,Eliot,Currier,Kirkland,Pforzheimer
3/17/2022 18:17:38,Yes,Matthews,White,,Male,Currier,8,Yes,2,Yes,1,Probably Yes,Mather,Quincy,Lowell,Eliot,Dunster,Adams,Winthrop,Leverett,Kirkland,Cabot,Pforzheimer,Currier
3/17/2022 18:18:04,Yes,Holworthy,White,Mechanical Engineering,Male,Cabot,6,No,,Yes,10,Definitely Yes,Cabot,Adams,Currier,Pforzheimer,Lowell,Winthrop,Kirkland,Eliot,Dunster,Quincy,Mather,Leverett
3/17/2022 18:40:53,Yes,Matthews,Hispanic,Electrical Engineering,Male,Dunster,4,Yes,2,No,10,Probably No,Lowell,Dunster,Currier,Adams,Eliot,Kirkland,Leverett,Mather,Quincy,Winthrop,Pforzheimer,Cabot
3/17/2022 18:55:32,Yes,Greenough,White,English,Female,Lowell,7,Yes,6,No,10,Definitely No,Lowell,Adams,Kirkland,Quincy,Winthrop,Dunster,Mather,Eliot,Pforzheimer,Leverett,Cabot,Currier
3/17/2022 20:29:18,Yes,Weld,Asian,Computer Science,Male,Winthrop,8,Yes,6,No,8,Definitely No,Winthrop,Lowell,Dunster,Quincy,Adams,Mather,Leverett,Pforzheimer,Eliot,Currier,Cabot,Kirkland
3/17/2022 23:13:12,No,Pennypacker,"Black or African-American, White","Art, Film, and Visual Studies",Male,Adams,6,No,,No,10,Definitely No,Adams,Dunster,Quincy,Winthrop,Lowell,Pforzheimer,Leverett,Currier,Mather,Kirkland,Eliot,Cabot
3/18/2022 0:25:45,Yes,Weld,White,"Economics, Government",Male,Mather,5,Yes,8,No,7,Definitely No,Lowell,Dunster,Mather,Leverett,Winthrop,Quincy,Eliot,Adams,Kirkland,Pforzheimer,Cabot,Currier
3/18/2022 1:28:33,Yes,The Prescotts,"Asian, White","History and Science, Mathematics, Neuroscience, Psychology",Female,Cabot,7,No,,No,7,Definitely No,Winthrop,Lowell,Quincy,Kirkland,Adams,Leverett,Dunster,Eliot,Pforzheimer,Cabot,Mather,Currier
3/18/2022 1:50:36,Yes,Stoughton,Asian,"Economics, Psychology",Female,Pforzheimer,8,Yes,5,No,4,Maybe,Winthrop,Lowell,Dunster,Quincy,Adams,Leverett,Eliot,Kirkland,Pforzheimer,Currier,Cabot,Mather
3/18/2022 2:26:30,Yes,Straus,Asian,"Mathematics, Physics",Male,Dunster,7,Yes,6,No,10,Definitely No,Quincy,Dunster,Lowell,Winthrop,Eliot,Leverett,Adams,Currier,Mather,Kirkland,Pforzheimer,Cabot
3/18/2022 8:18:42,Yes,The Inn,Asian,Applied Mathematics,Female,Leverett,8,No,,No,8,Maybe,Leverett,Adams,Quincy,Eliot,Lowell,Mather,Dunster,Pforzheimer,Kirkland,Winthrop,Currier,Cabot
3/18/2022 11:22:37,Yes,Weld,White,"Philosophy, Comparative Study of Religion",Male,Lowell,8,No,,No,10,Definitely No,Lowell,Adams,Quincy,Winthrop,Kirkland,Leverett,Eliot,Dunster,Mather,Pforzheimer,Currier,Cabot
3/18/2022 12:07:52,Yes,The Inn,White,Applied Mathematics,Male,Dunster,8,Yes,4,No,9,Definitely No,Dunster,Winthrop,Lowell,Adams,Leverett,Quincy,Pforzheimer,Mather,Eliot,Kirkland,Currier,Cabot
3/18/2022 12:09:38,Yes,Holworthy,"Asian, Middle Eastern, White",Economics,Female,Kirkland,4,No,,No,7,Probably No,Adams,Lowell,Winthrop,Leverett,Eliot,Kirkland,Quincy,Dunster,Mather,Cabot,Currier,Pforzheimer
3/18/2022 17:12:45,Yes,The Inn,"Black or African-American, White",Economics,Female,Pforzheimer,7,No,,No,9,Definitely No,Winthrop,Pforzheimer,Quincy,Adams,Lowell,Dunster,Leverett,Cabot,Currier,Eliot,Kirkland,Mather
3/18/2022 19:51:44,Yes,Wigglesworth,Asian,Environmental Science and Public Policy,Female,Eliot,5,Yes,4,No,5,Maybe,Adams,Lowell,Quincy,Dunster,Winthrop,Leverett,Eliot,Kirkland,Mather,Pforzheimer,Currier,Cabot
3/18/2022 20:00:54,Yes,Holworthy,White,"Applied Mathematics, Economics",Male,Mather,7,No,,No,7,Maybe,Winthrop,Dunster,Lowell,Adams,Eliot,Quincy,Mather,Leverett,Currier,Cabot,Pforzheimer,Kirkland
3/18/2022 20:56:10,Yes,Holworthy,"Prefer not to say, Latina","History and Science, Human Developmental and Regenerative Biology",Female,Kirkland,4,No,,No,7,Probably No,Kirkland,Lowell,Eliot,Winthrop,Quincy,Leverett,Adams,Mather,Dunster,Currier,Cabot,Pforzheimer
3/19/2022 0:03:15,Yes,The Inn,Asian,Biomedical Engineering,Female,Cabot,8,Yes,8,No,7,Probably No,Winthrop,Adams,Lowell,Cabot,Quincy,Eliot,Leverett,Mather,Currier,Dunster,Kirkland,Pforzheimer
3/19/2022 13:57:18,Yes,Greenough,Black or African-American,"Human Developmental and Regenerative Biology, Human Evolutionary Biology, Molecular and Cellular Biology",Female,Winthrop,1,Yes,1,No,10,Definitely No,Winthrop,Lowell,Dunster,Quincy,Adams,Eliot,Leverett,Kirkland,Currier,Pforzheimer,Mather,Cabot
3/19/2022 17:15:33,Yes,Weld,Hispanic,Psychology,Female,Cabot,6,Yes,4,No,8,Definitely No,Eliot,Adams,Cabot,Winthrop,Quincy,Lowell,Dunster,Leverett,Kirkland,Mather,Pforzheimer,Currier
3/20/2022 11:15:49,Yes,Wigglesworth,White,"Computer Science, Integrative Biology",Female,Cabot,1,Yes,1,No,8,Probably No,Winthrop,Leverett,Lowell,Eliot,Adams,Dunster,Quincy,Currier,Cabot,Mather,Pforzheimer,Kirkland
3/20/2022 15:31:02,Yes,Hurlbut,White,"Computer Science, Environmental Science and Public Policy",Female,Dunster,1,Yes,3,No,9,Definitely No,Dunster,Winthrop,Lowell,Adams,Mather,Quincy,Leverett,Kirkland,Eliot,Pforzheimer,Cabot,Currier
3/20/2022 15:53:18,Yes,Lionel,"Black or African-American, White",Psychology,Male,Winthrop,6,Yes,5,No,10,Definitely No,Winthrop,Lowell,Dunster,Adams,Quincy,Mather,Leverett,Eliot,Cabot,Currier,Kirkland,Pforzheimer
3/20/2022 15:53:36,Yes,Canaday,Black or African-American,Neuroscience,Female,Lowell,7,No,,No,10,Definitely No,Lowell,Dunster,Adams,Eliot,Leverett,Winthrop,Mather,Currier,Pforzheimer,Quincy,Kirkland,Cabot
3/20/2022 15:55:53,Yes,Matthews,Black or African-American,Philosophy,Female,Kirkland,4,No,,No,6,Definitely No,Dunster,Lowell,Winthrop,Kirkland,Currier,Adams,Pforzheimer,Cabot,Leverett,Quincy,Mather,Eliot
3/20/2022 15:56:27,Yes,Canaday,"Asian, Black or African-American",Economics,Male,Leverett,7,No,,No,10,Definitely No,Leverett,Dunster,Lowell,Winthrop,Quincy,Mather,Eliot,Kirkland,Adams,Cabot,Currier,Pforzheimer
3/20/2022 16:07:23,Yes,Hollis,Black or African-American,History and Science,Female,Pforzheimer,6,No,,No,3,Definitely Yes,Lowell,Adams,Dunster,Eliot,Winthrop,Quincy,Leverett,Kirkland,Mather,Pforzheimer,Currier,Cabot
3/20/2022 16:18:48,No,Stoughton,Black or African-American,Chemical and Physical Biology,Female,Cabot,7,No,,No,1,Definitely Yes,Leverett,Mather,Currier,Winthrop,Quincy,Lowell,Adams,Pforzheimer,Dunster,Eliot,Kirkland,Cabot
3/20/2022 16:22:27,Yes,Grays,Black or African-American,Economics,Male,Mather,6,Yes,7,No,8,Definitely No,Lowell,Winthrop,Quincy,Adams,Dunster,Mather,Leverett,Eliot,Kirkland,Pforzheimer,Currier,Cabot
3/20/2022 18:39:09,Yes,Straus,Black or African-American,Computer Science,Female,Leverett,6,No,,No,7,Definitely No,Leverett,Dunster,Winthrop,Adams,Mather,Quincy,Eliot,Pforzheimer,Currier,Cabot,Kirkland,Lowell
3/20/2022 19:46:59,Yes,Grays,White,"Computer Science, Economics",Male,Mather,6,Yes,6,No,10,Definitely No,Mather,Winthrop,Dunster,Leverett,Lowell,Adams,Quincy,Cabot,Currier,Pforzheimer,Eliot,Kirkland
3/20/2022 22:23:01,Yes,Hollis,Black or African-American,Computer Science,Male,Cabot,8,No,,No,7,Definitely No,Cabot,Winthrop,Pforzheimer,Dunster,Leverett,Mather,Lowell,Currier,Quincy,Eliot,Adams,Kirkland
3/20/2022 23:46:54,Yes,Stoughton,Black or African-American,English,Female,Winthrop,5,No,,No,10,Definitely No,Winthrop,Dunster,Eliot,Leverett,Kirkland,Adams,Lowell,Quincy,Mather,Pforzheimer,Currier,Cabot
3/21/2022 9:23:31,Yes,Matthews,White,"Mathematics, Physics",Female,Mather,3,Yes,5,No,8,Definitely No,Winthrop,Mather,Lowell,Dunster,Pforzheimer,Adams,Quincy,Leverett,Kirkland,Eliot,Cabot,Currier
3/21/2022 10:41:26,Yes,Holworthy,White,Psychology,Female,Pforzheimer,7,No,,No,10,Definitely No,Pforzheimer,Cabot,Currier,Dunster,Eliot,Adams,Lowell,Leverett,Winthrop,Quincy,Kirkland,Mather
3/21/2022 12:03:27,Yes,,Asian,Physics,Male,Pforzheimer,6,No,,Yes,3,Definitely Yes,Winthrop,Lowell,Eliot,Quincy,Adams,Kirkland,Leverett,Dunster,Mather,Pforzheimer,Currier,Cabot
3/21/2022 13:27:30,No,Wigglesworth,Black or African-American,"Art, Film, and Visual Studies",Female,Lowell,5,No,,No,10,Definitely No,Lowell,Adams,Winthrop,Quincy,Leverett,Dunster,Mather,Eliot,Kirkland,Currier,Cabot,Pforzheimer
3/21/2022 17:25:01,Yes,Wigglesworth,Asian,Economics,Male,Pforzheimer,7,Yes,6,No,5,Probably No,Adams,Lowell,Quincy,Eliot,Winthrop,Mather,Dunster,Leverett,Kirkland,Pforzheimer,Cabot,Currier
3/21/2022 19:02:22,No,Matthews,Black or African-American,Economics,Male,Currier,6,No,,No,9,Definitely No,Currier,Quincy,Winthrop,Lowell,Pforzheimer,Adams,Dunster,Eliot,Mather,Kirkland,Leverett,Cabot
3/21/2022 22:20:43,Yes,Matthews,Hispanic/Latinx,Psychology,Female,Adams,8,Yes,1,No,10,Definitely No,Adams,Lowell,Leverett,Winthrop,Dunster,Quincy,Mather,Cabot,Currier,Pforzheimer,Eliot,Kirkland
3/21/2022 22:39:38,Yes,Weld,Hispanic/Latinx: Mexican,"English, Sociology",Female,Winthrop,4,No,,No,10,Definitely No,Winthrop,Currier,Quincy,Adams,Lowell,Leverett,Dunster,Eliot,Kirkland,Cabot,Pforzheimer,Mather
3/22/2022 14:37:57,No,Matthews,Asian,Computer Science,Male,Winthrop,3,Yes,6,No,10,Definitely No,Winthrop,Lowell,Leverett,Dunster,Mather,Quincy,Adams,Kirkland,Eliot,Currier,Pforzheimer,Cabot
3/22/2022 15:38:05,Yes,Weld,Black or African-American,Government,Female,Dunster,5,No,,No,9,Definitely No,Winthrop,Dunster,Adams,Lowell,Eliot,Leverett,Quincy,Mather,Pforzheimer,Currier,Kirkland,Cabot
3/22/2022 15:38:42,No,Stoughton,Black or African-American,"Psychology, Sociology",Female,Winthrop,1,No,,No,9,Definitely No,Winthrop,Eliot,Lowell,Dunster,Adams,Leverett,Pforzheimer,Quincy,Cabot,Currier,Mather,Kirkland
3/22/2022 15:44:17,No,Canaday,Black or African-American,Sociology,,Lowell,7,Yes,4,No,10,Definitely No,Lowell,Winthrop,Quincy,Dunster,Adams,Leverett,Mather,Eliot,Kirkland,Currier,Pforzheimer,Cabot
3/22/2022 15:57:02,No,Off-campus/Other,"Black or African-American, White",Linguistics,Male,Kirkland,8,No,,No,9,Definitely No,Kirkland,Adams,Dunster,Lowell,Quincy,Winthrop,Eliot,Leverett,Mather,Pforzheimer,Currier,Cabot
3/22/2022 15:58:44,No,Off-campus/Other,"Asian, Black or African-American, White",Human Evolutionary Biology,Female,Eliot,3,No,,No,8,Definitely No,Winthrop,Lowell,Eliot,Quincy,Adams,Leverett,Dunster,Kirkland,Mather,Cabot,Currier,Pforzheimer
3/22/2022 16:20:56,Yes,Pennypacker,Black or African-American,Environmental Science and Engineering,Female,Currier,6,No,,No,9,Definitely No,Currier,Dunster,Lowell,Leverett,Winthrop,Quincy,Adams,Eliot,Pforzheimer,Cabot,Mather,Kirkland
3/22/2022 16:27:58,Yes,Grays,"Black or African-American, White",Neuroscience,Female,Eliot,8,Yes,8,No,10,Definitely No,Eliot,Adams,Lowell,Winthrop,Dunster,Quincy,Leverett,Kirkland,Pforzheimer,Cabot,Currier,Mather
3/22/2022 21:29:50,No,Canaday,Black or African-American,History,Male,Kirkland,3,No,,No,6,Probably No,Lowell,Winthrop,Adams,Quincy,Leverett,Dunster,Eliot,Mather,Kirkland,Cabot,Currier,Pforzheimer
3/22/2022 22:06:28,Yes,Weld,Black or African-American,Government,Female,Quincy,8,Yes,2,No,8,Probably No,Lowell,Winthrop,Quincy,Cabot,Mather,Dunster,Eliot,Currier,Pforzheimer,Adams,Leverett,Kirkland
3/22/2022 22:50:15,Yes,The Inn,Black or African-American,Government,Female,Pforzheimer,1,No,,No,2,Probably Yes,Winthrop,Lowell,Adams,Dunster,Eliot,Mather,Quincy,Leverett,Kirkland,Pforzheimer,Cabot,Currier
3/23/2022 10:18:12,Yes,The Inn,Black or African-American,Neuroscience,Female,Winthrop,5,Yes,5,No,10,Definitely No,Winthrop,Lowell,Dunster,Adams,Quincy,Currier,Pforzheimer,Mather,Cabot,Kirkland,Leverett,Eliot
3/23/2022 12:18:56,No,Off-campus/Other,Black or African-American,"Applied Mathematics, Art, Film, and Visual Studies",Female,Cabot,1,No,1,No,3,Definitely Yes,Lowell,Eliot,Dunster,Leverett,Currier,Winthrop,Cabot,Mather,Pforzheimer,Kirkland,Adams,Quincy
3/23/2022 14:41:39,No,Wigglesworth,Black or African-American,"Human Evolutionary Biology, Neuroscience",Female,Currier,8,No,,No,4,Probably No,Currier,Lowell,Adams,Dunster,Winthrop,Quincy,Eliot,Leverett,Kirkland,Pforzheimer,Mather,Cabot
3/23/2022 14:48:47,No,Lionel,Black or African-American,"African and African American Studies, Social Studies",Female,Pforzheimer,7,No,,No,10,Definitely No,Pforzheimer,Adams,Dunster,Lowell,Leverett,Currier,Winthrop,Mather,Quincy,Cabot,Eliot,Kirkland
3/23/2022 22:50:47,No,Holworthy,Black or African-American,Molecular and Cellular Biology,Male,Dunster,4,No,,No,10,Definitely No,Dunster,Winthrop,Quincy,Mather,Lowell,Eliot,Adams,Leverett,Kirkland,Currier,Cabot,Pforzheimer
3/24/2022 23:08:19,No,Pennypacker,Black or African-American,Human Evolutionary Biology,Female,Dunster,8,Yes,5,No,9,Definitely No,Dunster,Winthrop,Lowell,Adams,Leverett,Mather,Quincy,Eliot,Kirkland,Pforzheimer,Currier,Cabot
3/25/2022 14:47:01,No,Matthews,Black or African-American,Mechanical Engineering,Male,Dunster,6,No,,No,9,Definitely No,Dunster,Winthrop,Adams,Lowell,Quincy,Mather,Currier,Leverett,Pforzheimer,Eliot,Kirkland,Cabot
3/25/2022 18:44:19,No,Canaday,Black or African-American,Chemistry,Male,Dunster,8,Yes,2,No,10,Definitely No,Dunster,Lowell,Adams,Winthrop,Eliot,Mather,Leverett,Quincy,Currier,Kirkland,Pforzheimer,Cabot